Date,Name,Start,End,Duration,Latitude,Longitude,Category,Link
15/02/16,N10 - Futebol Indoor,2016-02-15T19:12:03Z,2016-02-15T19:19:03Z,420,40.23742727262726,-8.446042953726579,Soccer Field,http://foursquare.com/venue/4ba7d6c3f964a520dcb739e3
15/02/16,Rei dos Frangos,2016-02-15T19:34:34Z,2016-02-15T19:45:59Z,685,40.19530103835637,-8.404301381194136,Restaurant,http://foursquare.com/venue/4cd4791c76ab721e7052676a
15/02/16,HOME,2016-02-15T19:54:10Z,2016-02-16T00:00:00Z,14750,40.2120701263,-8.4065565308,Home,
16/02/16,HOME,2016-02-16T00:00:00Z,2016-02-16T08:09:11Z,29351,40.2120701263,-8.4065565308,Home,
16/02/16,Place in Portugal,2016-02-16T08:24:25Z,2016-02-16T08:24:27Z,2,40.1913805353,-8.4136209944,,
17/02/16,Cervejaria Munich,2016-02-17T13:39:18Z,2016-02-17T14:24:49Z,2731,40.201912,-8.412481,Brewery,http://foursquare.com/venue/4e9742249a528e6d371e78f3
17/02/16,DEI,2016-02-17T14:54:25Z,2016-02-17T17:07:29Z,7984,40.18644710002327,-8.415741920471191,Work,
17/02/16,N10 - Futebol Indoor,2016-02-17T17:52:55Z,2016-02-17T19:07:16Z,4461,40.23742727262726,-8.446042953726579,Soccer Field,http://foursquare.com/venue/4ba7d6c3f964a520dcb739e3
17/02/16,HOME,2016-02-17T19:23:21Z,2016-02-18T00:00:00Z,16599,40.2120701263,-8.4065565308,Home,
18/02/16,HOME,2016-02-18T00:00:00Z,2016-02-18T06:57:35Z,25055,40.2120701263,-8.4065565308,Home,
18/02/16,DEI,2016-02-18T15:46:22Z,2016-02-18T17:10:11Z,5029,40.18644710002327,-8.415741920471191,Work,
18/02/16,HOME,2016-02-18T17:40:09Z,2016-02-18T18:02:27Z,1338,40.2120701263,-8.4065565308,Home,
18/02/16,Fnac,2016-02-18T18:29:47Z,2016-02-18T19:00:56Z,1869,40.21168645055057,-8.443552265349041,Electronics Store,http://foursquare.com/venue/4c0a35127e3fc9280c30f382
18/02/16,HOME,2016-02-18T19:25:50Z,2016-02-19T00:00:00Z,16450,40.2120701263,-8.4065565308,Home,
19/02/16,HOME,2016-02-19T00:00:00Z,2016-02-19T08:18:14Z,29894,40.2120701263,-8.4065565308,Home,
19/02/16,DEI,2016-02-19T08:36:20Z,2016-02-19T17:08:20Z,30720,40.18644710002327,-8.415741920471191,Work,
19/02/16,British Council,2016-02-19T17:33:32Z,2016-02-19T18:50:01Z,4589,40.20743746929237,-8.41976902052327,College Academic Building,http://foursquare.com/venue/4d3da370a2e4b1f782d2f325
19/02/16,Afonso,2016-02-19T19:03:34Z,2016-02-19T19:38:12Z,2078,40.2042798610035,-8.413596153259277,Bakery,http://foursquare.com/venue/50c0d6e9e4b0bc1065dead8f
06/03/16,HOME,2016-03-06T13:29:12Z,2016-03-06T18:01:27Z,16335,40.2120701263,-8.4065565308,Home,
06/03/16,Jumbo,2016-03-06T18:21:00Z,2016-03-06T18:53:23Z,1943,40.20463119576016,-8.407534918776188,Supermarket,http://foursquare.com/venue/4d274a82fb8e59413e544c54
06/03/16,Place in Portugal,2016-03-06T19:03:30Z,2016-03-06T19:07:26Z,236,40.208702,-8.4048112,,
06/03/16,HOME,2016-03-06T19:58:43Z,2016-03-07T00:00:00Z,14477,40.2120701263,-8.4065565308,Home,
07/03/16,HOME,2016-03-07T00:00:00Z,2016-03-07T08:10:21Z,29421,40.2120701263,-8.4065565308,Home,
07/03/16,IPN,2016-03-07T08:24:10Z,2016-03-07T14:14:41Z,21031,40.19238094732769,-8.41402530670166,Work,
07/03/16,Edifício FCTUC polo II,2016-03-07T14:22:09Z,2016-03-07T17:09:32Z,10043,40.18652526548751,-8.416074485734422,Work,
07/03/16,N10 - Futebol Indoor,2016-03-07T17:45:58Z,2016-03-07T19:09:54Z,5036,40.23742727262726,-8.446042953726579,Soccer Field,http://foursquare.com/venue/4ba7d6c3f964a520dcb739e3
07/03/16,HOME,2016-03-07T19:23:51Z,2016-03-08T00:00:00Z,16569,40.2120701263,-8.4065565308,Home,
08/03/16,HOME,2016-03-08T00:00:00Z,2016-03-08T08:08:17Z,29297,40.2120701263,-8.4065565308,Home,
08/03/16,Edifício FCTUC polo II,2016-03-08T08:36:56Z,2016-03-08T13:58:10Z,19274,40.18652526548751,-8.416074485734422,Work,
08/03/16,DEI,2016-03-08T14:24:21Z,2016-03-08T14:59:23Z,2102,40.18644710002327,-8.415741920471191,Work,
08/03/16,DEM,2016-03-08T15:05:48Z,2016-03-08T16:50:34Z,6286,40.185332,-8.412341,Work,
08/03/16,DEI,2016-03-08T16:53:37Z,2016-03-08T20:20:55Z,12438,40.18644710002327,-8.415741920471191,Work,
08/03/16,HOME,2016-03-08T20:53:58Z,2016-03-09T00:00:00Z,11162,40.2120701263,-8.4065565308,Home,
09/03/16,HOME,2016-03-09T00:00:00Z,2016-03-09T08:20:55Z,30055,40.2120701263,-8.4065565308,Home,
09/03/16,DEI,2016-03-09T08:55:07Z,2016-03-09T15:04:46Z,22179,40.18644710002327,-8.415741920471191,Work,
09/03/16,DEI,2016-03-09T15:16:25Z,2016-03-09T16:43:49Z,5244,40.18644710002327,-8.415741920471191,Work,
09/03/16,Escola Sofia,2016-03-09T17:12:11Z,2016-03-09T17:22:24Z,613,40.20763117531336,-8.402105569839478,Middle School,http://foursquare.com/venue/51bcb6598bbd09c755f6bda5
09/03/16,HOME,2016-03-09T17:27:27Z,2016-03-09T18:07:13Z,2386,40.2120701263,-8.4065565308,Home,
09/03/16,HOME,2016-03-09T18:30:57Z,2016-03-10T00:00:00Z,19743,40.2120701263,-8.4065565308,Home,
10/03/16,HOME,2016-03-10T00:00:00Z,2016-03-10T08:21:17Z,30077,40.2120701263,-8.4065565308,Home,
10/03/16,IPN,2016-03-10T08:36:51Z,2016-03-10T08:39:57Z,186,40.19238094732769,-8.41402530670166,Work,
10/03/16,DEI,2016-03-10T08:59:16Z,2016-03-10T16:48:26Z,28150,40.18644710002327,-8.415741920471191,Work,
10/03/16,HOME,2016-03-10T17:17:44Z,2016-03-10T17:41:08Z,1404,40.2120701263,-8.4065565308,Home,
10/03/16,Fnac,2016-03-10T18:06:54Z,2016-03-10T19:02:15Z,3321,40.21168645055057,-8.443552265349041,Electronics Store,http://foursquare.com/venue/4c0a35127e3fc9280c30f382
10/03/16,HOME,2016-03-10T19:28:29Z,2016-03-11T00:00:00Z,16291,40.2120701263,-8.4065565308,Home,
11/03/16,HOME,2016-03-11T00:00:00Z,2016-03-11T08:16:56Z,29816,40.2120701263,-8.4065565308,Home,
11/03/16,DEI,2016-03-11T08:51:23Z,2016-03-11T13:35:00Z,17017,40.18644710002327,-8.415741920471191,Work,
11/03/16,DEI,2016-03-11T14:13:48Z,2016-03-11T16:52:08Z,9500,40.18644710002327,-8.415741920471191,Work,
11/03/16,British Council,2016-03-11T17:30:10Z,2016-03-11T17:43:13Z,783,40.20743746929237,-8.41976902052327,College Academic Building,http://foursquare.com/venue/4d3da370a2e4b1f782d2f325
11/03/16,Afonso,2016-03-11T17:58:54Z,2016-03-11T19:08:22Z,4168,40.2042798610035,-8.413596153259277,Bakery,http://foursquare.com/venue/50c0d6e9e4b0bc1065dead8f
11/03/16,British Council,2016-03-11T19:18:52Z,2016-03-11T20:24:59Z,3967,40.20743746929237,-8.41976902052327,College Academic Building,http://foursquare.com/venue/4d3da370a2e4b1f782d2f325
11/03/16,HOME,2016-03-11T20:34:02Z,2016-03-12T00:00:00Z,12358,40.2120701263,-8.4065565308,Home,
12/03/16,HOME,2016-03-12T00:00:00Z,2016-03-12T10:08:04Z,36484,40.2120701263,-8.4065565308,Home,
12/03/16,Campo S Martinho,2016-03-12T10:39:08Z,2016-03-12T12:28:20Z,6552,40.2032,-8.45594,,
12/03/16,Jumbo - Estação de Serviço,2016-03-12T12:43:48Z,2016-03-12T12:53:29Z,581,40.19005628742404,-8.401116162229203,Gas Station / Garage,http://foursquare.com/venue/4d7deaefebc15481be46d8a6
12/03/16,HOME,2016-03-12T13:01:49Z,2016-03-12T14:19:22Z,4653,40.2120701263,-8.4065565308,Home,
12/03/16,Horto Mondego,2016-03-12T15:10:19Z,2016-03-12T15:19:01Z,522,40.209037,-8.39872,Flower Shop,http://foursquare.com/venue/4dff0247b0fbc94d43e30510
12/03/16,Place in Portugal,2016-03-12T15:22:13Z,2016-03-12T15:33:58Z,705,40.207957,-8.4010768,,
12/03/16,Place in Portugal,2016-03-12T15:38:48Z,2016-03-12T15:42:59Z,251,40.2102501317,-8.4044386854,,
12/03/16,HOME,2016-03-12T15:47:33Z,2016-03-12T18:15:51Z,8898,40.2120701263,-8.4065565308,Home,
12/03/16,Jumbo,2016-03-12T18:29:42Z,2016-03-12T20:38:58Z,7756,40.20463119576016,-8.407534918776188,Supermarket,http://foursquare.com/venue/4d274a82fb8e59413e544c54
12/03/16,HOME,2016-03-12T20:45:42Z,2016-03-13T00:00:00Z,11658,40.2120701263,-8.4065565308,Home,
13/03/16,HOME,2016-03-13T00:00:00Z,2016-03-13T17:49:47Z,64187,40.2120701263,-8.4065565308,Home,
13/03/16,Dolce Vita Coimbra,2016-03-13T18:09:26Z,2016-03-13T18:53:54Z,2668,40.2044929079205,-8.407588005065918,Mall,http://foursquare.com/venue/4ba4a29ff964a520d3a838e3
13/03/16,HOME,2016-03-13T19:40:20Z,2016-03-14T00:00:00Z,15580,40.2120701263,-8.4065565308,Home,
14/03/16,HOME,2016-03-14T00:00:00Z,2016-03-14T08:06:51Z,29211,40.2120701263,-8.4065565308,Home,
14/03/16,DEI,2016-03-14T08:37:42Z,2016-03-14T17:14:45Z,31023,40.18644710002327,-8.415741920471191,Work,
14/03/16,Fnac,2016-03-14T18:09:40Z,2016-03-14T19:05:00Z,3320,40.21168645055057,-8.443552265349041,Electronics Store,http://foursquare.com/venue/4c0a35127e3fc9280c30f382
14/03/16,HOME,2016-03-14T19:25:57Z,2016-03-15T00:00:00Z,16443,40.2120701263,-8.4065565308,Home,
15/03/16,HOME,2016-03-15T00:00:00Z,2016-03-15T08:14:53Z,29693,40.2120701263,-8.4065565308,Home,
15/03/16,DEI,2016-03-15T08:34:13Z,2016-03-15T13:33:55Z,17982,40.18644710002327,-8.415741920471191,Work,
15/03/16,DEI,2016-03-15T13:48:38Z,2016-03-15T14:58:58Z,4220,40.18644710002327,-8.415741920471191,Work,
15/03/16,DEI,2016-03-15T15:04:13Z,2016-03-15T16:34:52Z,5439,40.18644710002327,-8.415741920471191,Work,
15/03/16,DEI,2016-03-15T16:42:55Z,2016-03-15T19:34:16Z,10281,40.18644710002327,-8.415741920471191,Work,
15/03/16,Jumbo - Estação de Serviço,2016-03-15T19:36:54Z,2016-03-15T19:46:32Z,578,40.19005628742404,-8.401116162229203,Gas Station / Garage,http://foursquare.com/venue/4d7deaefebc15481be46d8a6
15/03/16,Place in Portugal,2016-03-15T20:07:26Z,2016-03-16T00:00:00Z,13954,40.21199,-8.4062349,,
16/03/16,Place in Portugal,2016-03-16T00:00:00Z,2016-03-16T03:40:16Z,13216,40.21199,-8.4062349,,
16/03/16,Place in Portugal,2016-03-16T03:51:06Z,2016-03-16T08:11:17Z,15611,40.21199,-8.4062349,,
16/03/16,DEI,2016-03-16T08:27:58Z,2016-03-16T13:04:37Z,16599,40.18644710002327,-8.415741920471191,Work,
16/03/16,DEI,2016-03-16T13:31:19Z,2016-03-16T19:33:49Z,21750,40.18644710002327,-8.415741920471191,Work,
16/03/16,HOME,2016-03-16T19:54:35Z,2016-03-17T00:00:00Z,14725,40.2120701263,-8.4065565308,Home,
17/03/16,HOME,2016-03-17T00:00:00Z,2016-03-17T08:22:03Z,30123,40.2120701263,-8.4065565308,Home,
17/03/16,DEI,2016-03-17T08:56:07Z,2016-03-17T10:52:29Z,6982,40.18644710002327,-8.415741920471191,Work,
17/03/16,DEI,2016-03-17T11:27:43Z,2016-03-17T12:11:56Z,2653,40.18644710002327,-8.415741920471191,Work,
17/03/16,Cervejaria Munich,2016-03-17T12:34:48Z,2016-03-17T13:19:16Z,2668,40.201912,-8.412481,Brewery,http://foursquare.com/venue/4e9742249a528e6d371e78f3
17/03/16,IPN,2016-03-17T13:27:49Z,2016-03-17T17:06:56Z,13147,40.19238094732769,-8.41402530670166,Work,
17/03/16,HOME,2016-03-17T17:18:08Z,2016-03-17T17:29:55Z,707,40.2120701263,-8.4065565308,Home,
17/03/16,Forum Coimbra,2016-03-17T17:54:02Z,2016-03-17T19:02:33Z,4111,40.21152308055715,-8.443529605865479,Mall,http://foursquare.com/venue/4b688d61f964a520737f2be3
17/03/16,HOME,2016-03-17T19:25:14Z,2016-03-18T00:00:00Z,16486,40.2120701263,-8.4065565308,Home,
18/03/16,HOME,2016-03-18T00:00:00Z,2016-03-18T08:15:37Z,29737,40.2120701263,-8.4065565308,Home,
18/03/16,DEI,2016-03-18T08:46:32Z,2016-03-18T12:59:03Z,15151,40.18644710002327,-8.415741920471191,Work,
18/03/16,Sol do Mondego,2016-03-18T13:11:50Z,2016-03-18T13:21:56Z,606,40.1831201331793,-8.407861492433351,Restaurant,http://foursquare.com/venue/4dd50d5f7d8b194450cff957
18/03/16,IPN TecBis,2016-03-18T13:35:29Z,2016-03-18T14:56:19Z,4850,40.19192681663996,-8.414179099550577,Work,
18/03/16,DEI,2016-03-18T15:08:34Z,2016-03-18T16:11:37Z,3783,40.18644710002327,-8.415741920471191,Work,
18/03/16,HOME,2016-03-18T16:37:45Z,2016-03-18T18:14:45Z,5820,40.2120701263,-8.4065565308,Home,
18/03/16,British Council,2016-03-18T18:35:38Z,2016-03-18T19:13:15Z,2257,40.20743746929237,-8.41976902052327,College Academic Building,http://foursquare.com/venue/4d3da370a2e4b1f782d2f325
18/03/16,HOME,2016-03-18T19:38:54Z,2016-03-18T20:05:21Z,1587,40.2120701263,-8.4065565308,Home,
18/03/16,Brunn's Coffee & Diner,2016-03-18T20:10:30Z,2016-03-18T21:36:16Z,5146,40.21079676650128,-8.42161100164461,American Restaurant,http://foursquare.com/venue/53e926c2498ea09a145ac166
18/03/16,HOME,2016-03-18T21:41:10Z,2016-03-19T00:00:00Z,8330,40.2120701263,-8.4065565308,Home,
19/03/16,HOME,2016-03-19T00:00:00Z,2016-03-19T13:04:17Z,47057,40.2120701263,-8.4065565308,Home,
19/03/16,Jumbo,2016-03-19T13:14:57Z,2016-03-19T15:26:27Z,7890,40.20463119576016,-8.407534918776188,Supermarket,http://foursquare.com/venue/4d274a82fb8e59413e544c54
19/03/16,HOME,2016-03-19T15:32:13Z,2016-03-19T17:47:08Z,8095,40.2120701263,-8.4065565308,Home,
19/03/16,Atrium Solum,2016-03-19T17:56:20Z,2016-03-19T18:32:38Z,2178,40.2066568750413,-8.40136240960966,Mall,http://foursquare.com/venue/4b9cad62f964a520df7536e3
19/03/16,HOME,2016-03-19T18:43:40Z,2016-03-20T00:00:00Z,18980,40.2120701263,-8.4065565308,Home,
20/03/16,HOME,2016-03-20T00:00:00Z,2016-03-20T11:54:23Z,42863,40.2120701263,-8.4065565308,Home,
20/03/16,Jumbo,2016-03-20T12:03:03Z,2016-03-20T13:04:14Z,3671,40.20463119576016,-8.407534918776188,Supermarket,http://foursquare.com/venue/4d274a82fb8e59413e544c54
20/03/16,HOME,2016-03-20T13:11:29Z,2016-03-20T17:21:10Z,14981,40.2120701263,-8.4065565308,Home,
20/03/16,Leroy Merlin,2016-03-20T17:29:24Z,2016-03-20T18:30:44Z,3680,40.19450201100269,-8.404542285629004,Hardware Store,http://foursquare.com/venue/4e15f9dd1495a0bf953cb79b
20/03/16,HOME,2016-03-20T18:37:24Z,2016-03-21T00:00:00Z,19356,40.2120701263,-8.4065565308,Home,
21/03/16,HOME,2016-03-21T00:00:00Z,2016-03-21T15:30:54Z,55854,40.2120701263,-8.4065565308,Home,
21/03/16,Place in Portugal,2016-03-21T15:49:48Z,2016-03-21T15:59:46Z,598,40.266584,-8.3417865,,
21/03/16,HOME,2016-03-21T16:20:42Z,2016-03-22T00:00:00Z,27558,40.2120701263,-8.4065565308,Home,
22/03/16,HOME,2016-03-22T00:00:00Z,2016-03-22T13:36:44Z,49004,40.2120701263,-8.4065565308,Home,
22/03/16,Place in Area de Serviço de Antuã,2016-03-22T14:24:48Z,2016-03-22T14:45:28Z,1240,40.75606,-8.5354865,,
22/03/16,Place in Praça Dom João I,2016-03-22T15:47:50Z,2016-03-22T15:58:58Z,668,41.147611,-8.6090173,,
22/03/16,Place in Portugal,2016-03-22T16:19:03Z,2016-03-22T16:36:25Z,1042,41.141985,-8.6145775,,
22/03/16,Place in Portugal,2016-03-22T16:39:29Z,2016-03-22T16:41:08Z,99,41.140363,-8.6163469,,
22/03/16,Place in Largo do Terreiro,2016-03-22T16:47:21Z,2016-03-22T17:08:28Z,1267,41.140244,-8.6145953,,
22/03/16,Place in Portugal,2016-03-22T17:12:04Z,2016-03-22T17:14:26Z,142,41.142859,-8.6139833,,
22/03/16,Place in Praça da Liberdade,2016-03-22T17:27:08Z,2016-03-22T18:01:47Z,2079,41.14674,-8.6113671,,
22/03/16,Place in Portugal,2016-03-22T18:08:29Z,2016-03-22T18:15:23Z,414,41.148368,-8.6096653,,
22/03/16,Place in NorteShopping & Continente,2016-03-22T18:45:33Z,2016-03-22T19:29:55Z,2662,41.181099,-8.6550068,,
22/03/16,Place in NorteShopping & Continente,2016-03-22T19:45:59Z,2016-03-22T21:34:00Z,6481,41.179879,-8.6562079,,
22/03/16,HOME,2016-03-22T22:46:44Z,2016-03-23T00:00:00Z,4396,40.2120701263,-8.4065565308,Home,
23/03/16,HOME,2016-03-23T00:00:00Z,2016-03-23T13:14:56Z,47696,40.2120701263,-8.4065565308,Home,
23/03/16,Café/Cervejaria Koala,2016-03-23T13:25:50Z,2016-03-23T14:29:12Z,3802,40.21281355943324,-8.41581212715665,Brewery,http://foursquare.com/venue/4f6ddb7de4b01d94fd01dade
23/03/16,HOME,2016-03-23T14:35:28Z,2016-03-23T14:45:08Z,580,40.2120701263,-8.4065565308,Home,
23/03/16,Place in Portugal,2016-03-23T15:06:11Z,2016-03-23T15:23:10Z,1019,40.2041602917,-8.488561866,,
23/03/16,CTT - Vale das Flores,2016-03-23T15:40:54Z,2016-03-23T16:03:55Z,1381,40.19670806662855,-8.407330513000488,Post Office,http://foursquare.com/venue/4df5c6d9d1649c8a28ea8a24
23/03/16,Forum Coimbra,2016-03-23T16:14:25Z,2016-03-23T17:47:17Z,5572,40.21152308055715,-8.443529605865479,Mall,http://foursquare.com/venue/4b688d61f964a520737f2be3
23/03/16,HOME,2016-03-23T17:58:14Z,2016-03-24T00:00:00Z,21706,40.2120701263,-8.4065565308,Home,
24/03/16,HOME,2016-03-24T00:00:00Z,2016-03-24T12:16:27Z,44187,40.2120701263,-8.4065565308,Home,
24/03/16,Coimbra Shopping,2016-03-24T12:24:08Z,2016-03-24T12:37:08Z,780,40.19397086794589,-8.408682346343994,Mall,http://foursquare.com/venue/4b6da05ef964a5206c812ce3
24/03/16,HOME,2016-03-24T12:51:07Z,2016-03-24T16:13:54Z,12167,40.2120701263,-8.4065565308,Home,
24/03/16,Place in Portugal,2016-03-24T16:22:03Z,2016-03-24T16:26:17Z,254,40.215037,-8.4053196,,
24/03/16,Place in Portugal,2016-03-24T16:47:44Z,2016-03-24T16:56:55Z,551,40.2041602917,-8.488561866,,
24/03/16,IberPlantas,2016-03-24T17:19:06Z,2016-03-24T18:02:34Z,2608,40.3084,-8.44933,,
24/03/16,Dolce Vita Coimbra,2016-03-24T18:21:02Z,2016-03-24T19:03:07Z,2525,40.2044929079205,-8.407588005065918,Mall,http://foursquare.com/venue/4ba4a29ff964a520d3a838e3
24/03/16,Leroy Merlin,2016-03-24T19:09:41Z,2016-03-24T19:29:15Z,1174,40.19450201100269,-8.404542285629004,Hardware Store,http://foursquare.com/venue/4e15f9dd1495a0bf953cb79b
24/03/16,HOME,2016-03-24T19:36:15Z,2016-03-25T00:00:00Z,15825,40.2120701263,-8.4065565308,Home,
25/03/16,HOME,2016-03-25T00:00:00Z,2016-03-25T08:33:59Z,30839,40.2120701263,-8.4065565308,Home,
25/03/16,Place in Complexo Desportivo da Tocha,2016-03-25T09:18:50Z,2016-03-25T09:27:29Z,519,40.320549,-8.7913087,,
25/03/16,Place in Portugal,2016-03-25T09:30:45Z,2016-03-25T10:35:51Z,3906,40.3214719864,-8.7903498133,,
25/03/16,HOME,2016-03-25T11:13:26Z,2016-03-25T11:38:03Z,1477,40.2120701263,-8.4065565308,Home,
25/03/16,Place in Portugal,2016-03-25T12:39:34Z,2016-03-25T14:23:17Z,6223,40.331737,-8.8417729,,
25/03/16,Place in Complexo Desportivo da Tocha,2016-03-25T14:30:58Z,2016-03-25T14:54:17Z,1399,40.321359,-8.7911262,,
25/03/16,Place in Complexo Desportivo da Tocha,2016-03-25T14:59:16Z,2016-03-25T15:38:31Z,2355,40.320549,-8.7913087,,
25/03/16,Place in Complexo Desportivo da Tocha,2016-03-25T15:45:31Z,2016-03-25T15:52:00Z,389,40.3210187758,-8.7906745562,,
25/03/16,Place in Complexo Desportivo da Tocha,2016-03-25T15:58:53Z,2016-03-25T16:54:32Z,3339,40.320354,-8.7924244,,
25/03/16,Place in Portugal,2016-03-25T17:09:37Z,2016-03-25T17:22:42Z,785,40.3214719864,-8.7903498133,,
25/03/16,Place in Complexo Desportivo da Tocha,2016-03-25T17:22:42Z,2016-03-25T18:00:20Z,2258,40.3210187758,-8.7906745562,,
25/03/16,HOME,2016-03-25T18:40:28Z,2016-03-26T00:00:00Z,19172,40.2120701263,-8.4065565308,Home,
26/03/16,HOME,2016-03-26T00:00:00Z,2016-03-26T13:54:23Z,50063,40.2120701263,-8.4065565308,Home,
26/03/16,Place in Portugal,2016-03-26T14:41:12Z,2016-03-26T17:13:47Z,9155,40.1593083788,-8.1104127788,,
26/03/16,Place in Portugal,2016-03-26T17:18:49Z,2016-03-26T18:16:55Z,3486,40.174696359,-8.099732278,,
26/03/16,Place in Portugal,2016-03-26T18:42:29Z,2016-03-26T18:52:25Z,596,40.199735,-8.24217,,
26/03/16,Munich-2 (Marisqueira),2016-03-26T19:22:31Z,2016-03-26T20:42:27Z,4796,40.20161606451833,-8.409323060866788,Seafood Restaurant,http://foursquare.com/venue/4c7fa09ad51ea1438d115b9f
26/03/16,HOME,2016-03-26T20:46:39Z,2016-03-27T00:00:00Z,11601,40.2120701263,-8.4065565308,Home,
27/03/16,HOME,2016-03-27T00:00:00Z,2016-03-27T09:12:25+01:00,29545,40.2120701263,-8.4065565308,Home,
27/03/16,Place in Portugal,2016-03-27T09:15:34+01:00,2016-03-27T09:24:19+01:00,525,40.203486,-8.4050492,,
27/03/16,Jumbo,2016-03-27T11:10:05+01:00,2016-03-27T11:43:23+01:00,1998,40.20463119576016,-8.407534918776188,Supermarket,http://foursquare.com/venue/4d274a82fb8e59413e544c54
27/03/16,Jumbo - Estação de Serviço,2016-03-27T11:50:25+01:00,2016-03-27T12:00:06+01:00,581,40.19005628742404,-8.401116162229203,Gas Station / Garage,http://foursquare.com/venue/4d7deaefebc15481be46d8a6
27/03/16,HOME,2016-03-27T12:06:45+01:00,2016-03-27T12:18:02+01:00,677,40.2120701263,-8.4065565308,Home,
27/03/16,Place in Sernadelo,2016-03-27T14:11:37+01:00,2016-03-27T16:02:27+01:00,6650,40.389796,-8.4509664,,
27/03/16,Place in Portugal,2016-03-27T17:00:54+01:00,2016-03-27T17:17:08+01:00,974,40.359925,-8.4520859,,
27/03/16,Place in Portugal,2016-03-27T17:48:52+01:00,2016-03-28T00:00:00+01:00,22268,40.21199,-8.4062349,,
28/03/16,Place in Portugal,2016-03-28T00:00:00+01:00,2016-03-28T08:24:09+01:00,30249,40.21199,-8.4062349,,
28/03/16,IPN TecBis,2016-03-28T08:31:50+01:00,2016-03-28T12:48:24+01:00,15394,40.19192681663996,-8.414179099550577,Work,
28/03/16,DEI,2016-03-28T12:51:21+01:00,2016-03-28T13:07:13+01:00,952,40.18644710002327,-8.415741920471191,Work,
28/03/16,Rei dos Frangos,2016-03-28T13:18:40+01:00,2016-03-28T13:58:38+01:00,2398,40.19530103835637,-8.404301381194136,Restaurant,http://foursquare.com/venue/4cd4791c76ab721e7052676a
28/03/16,DEI,2016-03-28T14:06:50+01:00,2016-03-28T16:56:23+01:00,10173,40.18644710002327,-8.415741920471191,Work,
28/03/16,HOME,2016-03-28T17:04:51+01:00,2016-03-28T17:38:10+01:00,1999,40.2120701263,-8.4065565308,Home,
28/03/16,N10 - Futebol Indoor,2016-03-28T17:49:30+01:00,2016-03-28T19:15:38+01:00,5168,40.23742727262726,-8.446042953726579,Soccer Field,http://foursquare.com/venue/4ba7d6c3f964a520dcb739e3
28/03/16,HOME,2016-03-28T19:33:46+01:00,2016-03-29T00:00:00+01:00,15974,40.2120701263,-8.4065565308,Home,
29/03/16,HOME,2016-03-29T00:00:00+01:00,2016-03-29T08:32:49+01:00,30769,40.2120701263,-8.4065565308,Home,
29/03/16,DEI,2016-03-29T08:40:57+01:00,2016-03-29T13:15:14+01:00,16457,40.18644710002327,-8.415741920471191,Work,
29/03/16,Place in Pólo II da Universidade de Coimbra - Polo II,2016-03-29T13:25:04+01:00,2016-03-29T14:32:36+01:00,4052,40.185435,-8.4156735,,
29/03/16,Place in Rua Sílvio Lima,2016-03-29T14:39:19+01:00,2016-03-29T16:40:56+01:00,7297,40.186325,-8.4129898,,
29/03/16,Place in Cantina do Polo II,2016-03-29T16:44:25+01:00,2016-03-29T16:46:35+01:00,130,40.1863839392,-8.4143311618,,
29/03/16,Place in Cantina do Polo II,2016-03-29T16:46:35+01:00,2016-03-29T16:47:06+01:00,31,40.1863839392,-8.4143311618,,
29/03/16,Edifício FCTUC polo II,2016-03-29T16:51:15+01:00,2016-03-29T19:30:57+01:00,9582,40.18652526548751,-8.416074485734422,Work,
29/03/16,HOME,2016-03-29T19:41:14+01:00,2016-03-30T00:00:00+01:00,15526,40.2120701263,-8.4065565308,Home,
30/03/16,HOME,2016-03-30T00:00:00+01:00,2016-03-30T08:26:58+01:00,30418,40.2120701263,-8.4065565308,Home,
30/03/16,DEI,2016-03-30T08:40:07+01:00,2016-03-30T18:58:15+01:00,37088,40.18644710002327,-8.415741920471191,Work,
30/03/16,HOME,2016-03-30T19:08:04+01:00,2016-03-31T00:00:00+01:00,17516,40.2120701263,-8.4065565308,Home,
31/03/16,HOME,2016-03-31T00:00:00+01:00,2016-03-31T08:40:24+01:00,31224,40.2120701263,-8.4065565308,Home,
31/03/16,IPN,2016-03-31T08:46:50+01:00,2016-03-31T10:16:15+01:00,5365,40.19238094732769,-8.41402530670166,Work,
31/03/16,DEI,2016-03-31T10:35:39+01:00,2016-03-31T12:58:45+01:00,8586,40.18644710002327,-8.415741920471191,Work,
31/03/16,DEI,2016-03-31T13:37:37+01:00,2016-03-31T14:13:04+01:00,2127,40.18644710002327,-8.415741920471191,Work,
31/03/16,Edifício FCTUC polo II,2016-03-31T14:15:31+01:00,2016-03-31T14:37:27+01:00,1316,40.18652526548751,-8.416074485734422,Work,
31/03/16,Place in Pólo II da Universidade de Coimbra - Polo II,2016-03-31T14:42:54+01:00,2016-03-31T16:56:03+01:00,7989,40.186409,-8.4133988,,
31/03/16,HOME,2016-03-31T17:20:10+01:00,2016-03-31T17:31:20+01:00,670,40.2120701263,-8.4065565308,Home,
31/03/16,Forum Coimbra,2016-03-31T17:59:22+01:00,2016-03-31T19:02:09+01:00,3767,40.21152308055715,-8.443529605865479,Mall,http://foursquare.com/venue/4b688d61f964a520737f2be3
31/03/16,HOME,2016-03-31T19:32:29+01:00,2016-04-01T00:00:00+01:00,16051,40.2120701263,-8.4065565308,Home,
01/04/16,HOME,2016-04-01T00:00:00+01:00,2016-04-01T08:28:33+01:00,30513,40.2120701263,-8.4065565308,Home,
01/04/16,DEI,2016-04-01T08:43:46+01:00,2016-04-01T13:36:41+01:00,17575,40.18644710002327,-8.415741920471191,Work,
01/04/16,DEI,2016-04-01T14:03:29+01:00,2016-04-01T17:54:33+01:00,13864,40.18644710002327,-8.415741920471191,Work,
01/04/16,Place in Portugal,2016-04-01T18:10:28+01:00,2016-04-01T18:16:12+01:00,344,40.183738,-8.40357,,
01/04/16,DEI,2016-04-01T18:37:01+01:00,2016-04-01T21:08:05+01:00,9064,40.18644710002327,-8.415741920471191,Work,
01/04/16,HOME,2016-04-01T21:22:19+01:00,2016-04-02T00:00:00+01:00,9461,40.2120701263,-8.4065565308,Home,
02/04/16,HOME,2016-04-02T00:00:00+01:00,2016-04-02T09:54:38+01:00,35678,40.2120701263,-8.4065565308,Home,
02/04/16,HOME,2016-04-02T10:21:22+01:00,2016-04-02T11:55:56+01:00,5674,40.2120701263,-8.4065565308,Home,
02/04/16,N10 - Futebol Indoor,2016-04-02T12:05:37+01:00,2016-04-02T12:30:32+01:00,1495,40.23742727262726,-8.446042953726579,Soccer Field,http://foursquare.com/venue/4ba7d6c3f964a520dcb739e3
02/04/16,HOME,2016-04-02T12:40:59+01:00,2016-04-02T13:59:42+01:00,4723,40.2120701263,-8.4065565308,Home,
02/04/16,DEI,2016-04-02T14:13:34+01:00,2016-04-02T17:48:53+01:00,12919,40.18644710002327,-8.415741920471191,Work,
02/04/16,Edifício FCTUC polo II,2016-04-02T18:00:15+01:00,2016-04-02T19:16:10+01:00,4555,40.18652526548751,-8.416074485734422,Work,
02/04/16,HOME,2016-04-02T19:24:14+01:00,2016-04-02T19:54:04+01:00,1790,40.2120701263,-8.4065565308,Home,
02/04/16,Place in Portugal,2016-04-02T20:07:48+01:00,2016-04-03T00:00:00+01:00,13932,40.2070561049,-8.4598183946,,
03/04/16,Place in Portugal,2016-04-03T00:00:00+01:00,2016-04-03T00:11:01+01:00,661,40.2070561049,-8.4598183946,,
03/04/16,HOME,2016-04-03T00:20:36+01:00,2016-04-03T08:04:25+01:00,27829,40.2120701263,-8.4065565308,Home,
03/04/16,DEI,2016-04-03T08:14:53+01:00,2016-04-03T11:02:11+01:00,10038,40.18644710002327,-8.415741920471191,Work,
03/04/16,Edifício FCTUC polo II,2016-04-03T11:40:43+01:00,2016-04-03T13:41:57+01:00,7274,40.18652526548751,-8.416074485734422,Work,
03/04/16,Café/Cervejaria Koala,2016-04-03T13:58:34+01:00,2016-04-03T14:08:49+01:00,615,40.21281355943324,-8.41581212715665,Brewery,http://foursquare.com/venue/4f6ddb7de4b01d94fd01dade
03/04/16,Eurotrópico,2016-04-03T14:08:49+01:00,2016-04-03T15:56:52+01:00,6483,40.21293839840428,-8.415565832186095,Italian Restaurant,http://foursquare.com/venue/4b7876b7f964a52017d02ee3
03/04/16,DEI,2016-04-03T16:08:04+01:00,2016-04-03T18:47:40+01:00,9576,40.18644710002327,-8.415741920471191,Work,
03/04/16,HOME,2016-04-03T19:27:55+01:00,2016-04-04T00:00:00+01:00,16325,40.2120701263,-8.4065565308,Home,
04/04/16,HOME,2016-04-04T00:00:00+01:00,2016-04-04T08:20:52+01:00,30052,40.2120701263,-8.4065565308,Home,
04/04/16,HOME,2016-04-04T08:34:04+01:00,2016-04-04T11:44:58+01:00,11454,40.2120701263,-8.4065565308,Home,
04/04/16,IPN TecBis,2016-04-04T11:52:37+01:00,2016-04-04T16:50:08+01:00,17851,40.19192681663996,-8.414179099550577,Work,
04/04/16,IPN TecBis,2016-04-04T16:55:13+01:00,2016-04-04T17:24:00+01:00,1727,40.19192681663996,-8.414179099550577,Work,
04/04/16,Forum Coimbra,2016-04-04T18:00:54+01:00,2016-04-04T18:32:29+01:00,1895,40.21152308055715,-8.443529605865479,Mall,http://foursquare.com/venue/4b688d61f964a520737f2be3
04/04/16,Forum Coimbra,2016-04-04T18:37:35+01:00,2016-04-04T19:03:59+01:00,1584,40.21152308055715,-8.443529605865479,Mall,http://foursquare.com/venue/4b688d61f964a520737f2be3
04/04/16,HOME,2016-04-04T19:25:10+01:00,2016-04-05T00:00:00+01:00,16490,40.2120701263,-8.4065565308,Home,
05/04/16,HOME,2016-04-05T00:00:00+01:00,2016-04-05T08:01:27+01:00,28887,40.2120701263,-8.4065565308,Home,
05/04/16,DEI,2016-04-05T08:32:37+01:00,2016-04-05T12:03:31+01:00,12654,40.18644710002327,-8.415741920471191,Work,
05/04/16,Munich-2 (Marisqueira),2016-04-05T12:39:17+01:00,2016-04-05T13:34:55+01:00,3338,40.20161606451833,-8.409323060866788,Seafood Restaurant,http://foursquare.com/venue/4c7fa09ad51ea1438d115b9f
05/04/16,DEI,2016-04-05T14:07:12+01:00,2016-04-05T15:43:46+01:00,5794,40.18644710002327,-8.415741920471191,Work,
05/04/16,DEM,2016-04-05T15:47:51+01:00,2016-04-05T16:26:36+01:00,2325,40.185332,-8.412341,Work,
05/04/16,DEI,2016-04-05T16:33:27+01:00,2016-04-05T19:35:14+01:00,10907,40.18644710002327,-8.415741920471191,Work,
05/04/16,HOME,2016-04-05T20:03:58+01:00,2016-04-06T00:00:00+01:00,14162,40.2120701263,-8.4065565308,Home,
06/04/16,HOME,2016-04-06T00:00:00+01:00,2016-04-06T08:15:43+01:00,29743,40.2120701263,-8.4065565308,Home,
06/04/16,Solum,2016-04-06T08:20:30+01:00,2016-04-06T08:29:11+01:00,521,40.20740446059561,-8.402390233524693,Neighborhood,http://foursquare.com/venue/504dc61ae4b01b58f4ccfbdb
06/04/16,DEI,2016-04-06T08:42:34+01:00,2016-04-06T13:06:47+01:00,15853,40.18644710002327,-8.415741920471191,Work,
06/04/16,Cervejaria Munich,2016-04-06T13:23:15+01:00,2016-04-06T13:32:54+01:00,579,40.201912,-8.412481,Brewery,http://foursquare.com/venue/4e9742249a528e6d371e78f3
06/04/16,Cervejaria Munich,2016-04-06T13:40:55+01:00,2016-04-06T14:43:07+01:00,3732,40.201912,-8.412481,Brewery,http://foursquare.com/venue/4e9742249a528e6d371e78f3
06/04/16,DEI,2016-04-06T14:50:25+01:00,2016-04-06T20:39:51+01:00,20966,40.18644710002327,-8.415741920471191,Work,
06/04/16,HOME,2016-04-06T21:22:47+01:00,2016-04-07T00:00:00+01:00,9433,40.2120701263,-8.4065565308,Home,
07/04/16,HOME,2016-04-07T00:00:00+01:00,2016-04-07T08:11:33+01:00,29493,40.2120701263,-8.4065565308,Home,
07/04/16,DEI,2016-04-07T08:36:46+01:00,2016-04-07T12:41:30+01:00,14684,40.18644710002327,-8.415741920471191,Work,
07/04/16,DEI,2016-04-07T13:16:18+01:00,2016-04-07T15:17:29+01:00,7271,40.18644710002327,-8.415741920471191,Work,
07/04/16,HOME,2016-04-07T15:27:21+01:00,2016-04-07T17:33:04+01:00,7543,40.2120701263,-8.4065565308,Home,
07/04/16,N10 - Futebol Indoor,2016-04-07T17:48:37+01:00,2016-04-07T17:57:20+01:00,523,40.23742727262726,-8.446042953726579,Soccer Field,http://foursquare.com/venue/4ba7d6c3f964a520dcb739e3
07/04/16,Forum Coimbra,2016-04-07T18:09:22+01:00,2016-04-07T19:05:02+01:00,3340,40.21152308055715,-8.443529605865479,Mall,http://foursquare.com/venue/4b688d61f964a520737f2be3
07/04/16,HOME,2016-04-07T19:34:35+01:00,2016-04-08T00:00:00+01:00,15925,40.2120701263,-8.4065565308,Home,
08/04/16,HOME,2016-04-08T00:00:00+01:00,2016-04-08T08:20:42+01:00,30042,40.2120701263,-8.4065565308,Home,
08/04/16,DEI,2016-04-08T08:55:32+01:00,2016-04-08T13:31:21+01:00,16549,40.18644710002327,-8.415741920471191,Work,
08/04/16,DEI,2016-04-08T14:02:41+01:00,2016-04-08T16:59:20+01:00,10599,40.18644710002327,-8.415741920471191,Work,
08/04/16,British Council,2016-04-08T17:35:15+01:00,2016-04-08T18:42:54+01:00,4059,40.20743746929237,-8.41976902052327,College Academic Building,http://foursquare.com/venue/4d3da370a2e4b1f782d2f325
08/04/16,Afonso,2016-04-08T18:47:26+01:00,2016-04-08T19:21:56+01:00,2070,40.2042798610035,-8.413596153259277,Bakery,http://foursquare.com/venue/50c0d6e9e4b0bc1065dead8f
08/04/16,British Council,2016-04-08T19:26:17+01:00,2016-04-08T20:24:26+01:00,3489,40.20743746929237,-8.41976902052327,College Academic Building,http://foursquare.com/venue/4d3da370a2e4b1f782d2f325
08/04/16,HOME,2016-04-08T20:29:02+01:00,2016-04-09T00:00:00+01:00,12658,40.2120701263,-8.4065565308,Home,
09/04/16,HOME,2016-04-09T00:00:00+01:00,2016-04-09T12:56:42+01:00,46602,40.2120701263,-8.4065565308,Home,
09/04/16,WeShape,2016-04-09T13:10:42+01:00,2016-04-09T13:22:31+01:00,709,40.249332566791,-8.4402251243591,,
09/04/16,HOME,2016-04-09T13:35:27+01:00,2016-04-09T14:26:43+01:00,3076,40.2120701263,-8.4065565308,Home,
09/04/16,Expl Sofia,2016-04-09T14:32:20+01:00,2016-04-09T16:21:58+01:00,6578,40.2090335767,-8.4153797676,School,
09/04/16,Solum,2016-04-09T16:23:06+01:00,2016-04-09T17:44:53+01:00,4907,40.20740446059561,-8.402390233524693,Neighborhood,http://foursquare.com/venue/504dc61ae4b01b58f4ccfbdb
09/04/16,HOME,2016-04-09T17:48:20+01:00,2016-04-09T18:27:13+01:00,2333,40.2120701263,-8.4065565308,Home,
09/04/16,Jumbo,2016-04-09T18:34:50+01:00,2016-04-09T19:31:23+01:00,3393,40.20463119576016,-8.407534918776188,Supermarket,http://foursquare.com/venue/4d274a82fb8e59413e544c54
09/04/16,HOME,2016-04-09T20:04:29+01:00,2016-04-10T00:00:00+01:00,14131,40.2120701263,-8.4065565308,Home,
10/04/16,HOME,2016-04-10T00:00:00+01:00,2016-04-10T09:27:32+01:00,34052,40.2120701263,-8.4065565308,Home,
10/04/16,Moinho Velho,2016-04-10T09:30:22+01:00,2016-04-10T10:40:02+01:00,4180,40.20260823887983,-8.403489589691162,Bakery,http://foursquare.com/venue/4b9bdc08f964a520322e36e3
10/04/16,HOME,2016-04-10T11:00:41+01:00,2016-04-10T18:06:54+01:00,25573,40.2120701263,-8.4065565308,Home,
10/04/16,HOME,2016-04-10T18:33:37+01:00,2016-04-11T00:00:00+01:00,19583,40.2120701263,-8.4065565308,Home,
11/04/16,HOME,2016-04-11T00:00:00+01:00,2016-04-11T08:23:55+01:00,30235,40.2120701263,-8.4065565308,Home,
11/04/16,IPN,2016-04-11T08:36:18+01:00,2016-04-11T12:26:02+01:00,13784,40.19238094732769,-8.41402530670166,Work,
11/04/16,DEI,2016-04-11T12:41:11+01:00,2016-04-11T16:49:19+01:00,14888,40.18644710002327,-8.415741920471191,Work,
11/04/16,HOME,2016-04-11T17:20:15+01:00,2016-04-11T17:29:53+01:00,578,40.2120701263,-8.4065565308,Home,
11/04/16,Place in Portugal,2016-04-11T18:08:29+01:00,2016-04-11T19:06:05+01:00,3456,40.21199,-8.4062349,,
11/04/16,HOME,2016-04-11T19:25:48+01:00,2016-04-12T00:00:00+01:00,16452,40.2120701263,-8.4065565308,Home,
12/04/16,HOME,2016-04-12T00:00:00+01:00,2016-04-12T08:22:21+01:00,30141,40.2120701263,-8.4065565308,Home,
12/04/16,DEI,2016-04-12T08:41:20+01:00,2016-04-12T13:58:41+01:00,19041,40.18644710002327,-8.415741920471191,Work,
12/04/16,Place in Pólo II da Universidade de Coimbra - Polo II,2016-04-12T14:15:50+01:00,2016-04-12T14:18:07+01:00,137,40.184646,-8.4116881,,
12/04/16,DEI,2016-04-12T14:27:16+01:00,2016-04-12T16:28:39+01:00,7283,40.18644710002327,-8.415741920471191,Work,
12/04/16,DEI,2016-04-12T16:38:10+01:00,2016-04-12T16:45:10+01:00,420,40.18644710002327,-8.415741920471191,Work,
12/04/16,DEI,2016-04-12T17:06:34+01:00,2016-04-12T20:22:02+01:00,11728,40.18644710002327,-8.415741920471191,Work,
12/04/16,HOME,2016-04-12T20:31:05+01:00,2016-04-13T00:00:00+01:00,12535,40.2120701263,-8.4065565308,Home,
13/04/16,HOME,2016-04-13T00:00:00+01:00,2016-04-13T08:20:57+01:00,30057,40.2120701263,-8.4065565308,Home,
13/04/16,DEI,2016-04-13T08:36:41+01:00,2016-04-13T10:05:11+01:00,5310,40.18644710002327,-8.415741920471191,Work,
13/04/16,Continente,2016-04-13T10:08:20+01:00,2016-04-13T10:42:16+01:00,2036,40.19422056764586,-8.408921528231312,Supermarket,http://foursquare.com/venue/4da16672c6e96ea86b36c05d
13/04/16,DEI,2016-04-13T10:51:02+01:00,2016-04-13T12:25:41+01:00,5679,40.18644710002327,-8.415741920471191,Work,
13/04/16,Place in Forum Coimbra,2016-04-13T12:42:41+01:00,2016-04-13T12:52:28+01:00,587,40.2118247162,-8.4426026435,,
13/04/16,DEI,2016-04-13T13:08:02+01:00,2016-04-13T15:10:33+01:00,7351,40.18644710002327,-8.415741920471191,Work,
13/04/16,DEI,2016-04-13T15:35:16+01:00,2016-04-13T16:05:08+01:00,1792,40.18644710002327,-8.415741920471191,Work,
13/04/16,Place in Pólo II da Universidade de Coimbra - Polo II,2016-04-13T16:10:18+01:00,2016-04-13T17:46:25+01:00,5767,40.18636,-8.4121374,,
13/04/16,DEI,2016-04-13T17:52:40+01:00,2016-04-13T18:02:25+01:00,585,40.18644710002327,-8.415741920471191,Work,
13/04/16,HOME,2016-04-13T18:17:26+01:00,2016-04-13T18:33:47+01:00,981,40.2120701263,-8.4065565308,Home,
13/04/16,Forum Coimbra,2016-04-13T18:57:22+01:00,2016-04-13T19:40:48+01:00,2606,40.21152308055715,-8.443529605865479,Mall,http://foursquare.com/venue/4b688d61f964a520737f2be3
13/04/16,N10 - Futebol Indoor,2016-04-13T19:47:33+01:00,2016-04-13T20:16:09+01:00,1716,40.23742727262726,-8.446042953726579,Soccer Field,http://foursquare.com/venue/4ba7d6c3f964a520dcb739e3
13/04/16,HOME,2016-04-13T20:32:11+01:00,2016-04-14T00:00:00+01:00,12469,40.2120701263,-8.4065565308,Home,
14/04/16,HOME,2016-04-14T00:00:00+01:00,2016-04-14T08:14:41+01:00,29681,40.2120701263,-8.4065565308,Home,
14/04/16,DEI,2016-04-14T08:34:42+01:00,2016-04-14T17:38:11+01:00,32609,40.18644710002327,-8.415741920471191,Work,
14/04/16,HOME,2016-04-14T17:56:29+01:00,2016-04-14T18:30:08+01:00,2019,40.2120701263,-8.4065565308,Home,
14/04/16,Fnac,2016-04-14T18:58:47+01:00,2016-04-14T20:03:02+01:00,3855,40.21168645055057,-8.443552265349041,Electronics Store,http://foursquare.com/venue/4c0a35127e3fc9280c30f382
14/04/16,N10 - Futebol Indoor,2016-04-14T20:16:14+01:00,2016-04-14T20:30:20+01:00,846,40.23742727262726,-8.446042953726579,Soccer Field,http://foursquare.com/venue/4ba7d6c3f964a520dcb739e3
14/04/16,HOME,2016-04-14T20:48:27+01:00,2016-04-15T00:00:00+01:00,11493,40.2120701263,-8.4065565308,Home,
15/04/16,HOME,2016-04-15T00:00:00+01:00,2016-04-15T08:17:25+01:00,29845,40.2120701263,-8.4065565308,Home,
15/04/16,IPN TecBis,2016-04-15T08:29:44+01:00,2016-04-15T08:33:39+01:00,235,40.19192681663996,-8.414179099550577,Work,
15/04/16,DEI,2016-04-15T08:48:14+01:00,2016-04-15T13:27:25+01:00,16751,40.18644710002327,-8.415741920471191,Work,
15/04/16,DEI,2016-04-15T13:44:17+01:00,2016-04-15T16:49:35+01:00,11118,40.18644710002327,-8.415741920471191,Work,
15/04/16,HOME,2016-04-15T17:16:45+01:00,2016-04-15T17:29:47+01:00,782,40.2120701263,-8.4065565308,Home,
15/04/16,Afonso,2016-04-15T17:55:26+01:00,2016-04-15T18:38:28+01:00,2582,40.2042798610035,-8.413596153259277,Bakery,http://foursquare.com/venue/50c0d6e9e4b0bc1065dead8f
15/04/16,British Council,2016-04-15T18:55:32+01:00,2016-04-15T20:26:30+01:00,5458,40.20743746929237,-8.41976902052327,College Academic Building,http://foursquare.com/venue/4d3da370a2e4b1f782d2f325
15/04/16,HOME,2016-04-15T20:32:10+01:00,2016-04-16T00:00:00+01:00,12470,40.2120701263,-8.4065565308,Home,
16/04/16,HOME,2016-04-16T00:00:00+01:00,2016-04-16T09:56:30+01:00,35790,40.2120701263,-8.4065565308,Home,
16/04/16,DEI,2016-04-16T10:08:09+01:00,2016-04-16T10:14:30+01:00,381,40.18644710002327,-8.415741920471191,Work,
16/04/16,Place in Portugal,2016-04-16T10:56:33+01:00,2016-04-16T13:03:39+01:00,7626,40.254538,-8.4152457,,
16/04/16,HOME,2016-04-16T13:24:41+01:00,2016-04-16T17:45:15+01:00,15634,40.2120701263,-8.4065565308,Home,
16/04/16,Horto Mondego,2016-04-16T17:50:01+01:00,2016-04-16T17:54:56+01:00,295,40.209037,-8.39872,Flower Shop,http://foursquare.com/venue/4dff0247b0fbc94d43e30510
16/04/16,IberPlantas,2016-04-16T18:09:24+01:00,2016-04-16T18:25:40+01:00,976,40.3084,-8.44933,,
16/04/16,HOME,2016-04-16T18:43:43+01:00,2016-04-16T19:14:36+01:00,1853,40.2120701263,-8.4065565308,Home,
16/04/16,Place in Portugal,2016-04-16T19:37:03+01:00,2016-04-16T19:41:59+01:00,296,40.249085,-8.439624,,
16/04/16,Jumbo,2016-04-16T20:00:07+01:00,2016-04-16T21:12:39+01:00,4352,40.20463119576016,-8.407534918776188,Supermarket,http://foursquare.com/venue/4d274a82fb8e59413e544c54
16/04/16,HOME,2016-04-16T21:17:54+01:00,2016-04-16T22:02:14+01:00,2660,40.2120701263,-8.4065565308,Home,
16/04/16,WeShape,2016-04-16T22:11:48+01:00,2016-04-16T22:26:29+01:00,881,40.249332566791,-8.4402251243591,,
16/04/16,HOME,2016-04-16T22:38:03+01:00,2016-04-17T00:00:00+01:00,4917,40.2120701263,-8.4065565308,Home,
17/04/16,HOME,2016-04-17T00:00:00+01:00,2016-04-17T15:04:32+01:00,54272,40.2120701263,-8.4065565308,Home,
17/04/16,Place in Portugal,2016-04-17T15:19:11+01:00,2016-04-17T15:34:37+01:00,926,40.200561,-8.4801366,,
17/04/16,HOME,2016-04-17T15:48:17+01:00,2016-04-17T18:38:56+01:00,10239,40.2120701263,-8.4065565308,Home,
17/04/16,HOME,2016-04-17T19:40:54+01:00,2016-04-18T00:00:00+01:00,15546,40.2120701263,-8.4065565308,Home,
18/04/16,HOME,2016-04-18T00:00:00+01:00,2016-04-18T08:21:26+01:00,30086,40.2120701263,-8.4065565308,Home,
18/04/16,IPN,2016-04-18T08:35:20+01:00,2016-04-18T12:49:19+01:00,15239,40.19238094732769,-8.41402530670166,Work,
18/04/16,IPN,2016-04-18T12:53:40+01:00,2016-04-18T15:40:15+01:00,9995,40.19238094732769,-8.41402530670166,Work,
18/04/16,IPN,2016-04-18T15:42:08+01:00,2016-04-18T16:06:04+01:00,1436,40.19238094732769,-8.41402530670166,Work,
18/04/16,HOME,2016-04-18T16:17:08+01:00,2016-04-18T17:37:27+01:00,4819,40.2120701263,-8.4065565308,Home,
18/04/16,Fnac,2016-04-18T18:08:46+01:00,2016-04-18T19:08:28+01:00,3582,40.21168645055057,-8.443552265349041,Electronics Store,http://foursquare.com/venue/4c0a35127e3fc9280c30f382
18/04/16,HOME,2016-04-18T19:59:09+01:00,2016-04-19T00:00:00+01:00,14451,40.2120701263,-8.4065565308,Home,
19/04/16,HOME,2016-04-19T00:00:00+01:00,2016-04-19T08:20:27+01:00,30027,40.2120701263,-8.4065565308,Home,
19/04/16,Edifício FCTUC polo II,2016-04-19T08:36:18+01:00,2016-04-19T11:16:29+01:00,9611,40.18652526548751,-8.416074485734422,Work,
19/04/16,Estação Ferroviária de Coimbra-B,2016-04-19T11:28:39+01:00,2016-04-19T11:42:51+01:00,852,40.22517165955158,-8.440675735473633,Train Station,http://foursquare.com/venue/4ceab0c2d99f721e87e6bc73
19/04/16,Place in Portugal,2016-04-19T12:59:34+01:00,2016-04-19T13:01:37+01:00,123,41.149733,-8.5855601,,
19/04/16,Aeroporto Francisco Sá Carneiro (OPO),2016-04-19T13:45:57+01:00,2016-04-19T14:04:00+01:00,1083,41.23696300943226,-8.670487403869629,Airport,http://foursquare.com/venue/4b83f60ff964a5208b1831e3
19/04/16,Park Inn by Radisson Brussels Midi,2016-04-19T20:40:10+01:00,2016-04-20T00:00:00+01:00,11990,50.835322364295,4.3384387829589,,
20/04/16,Park Inn by Radisson Brussels Midi,2016-04-20T00:00:00+01:00,2016-04-20T07:18:51+01:00,26331,50.835322364295,4.3384387829589,,
20/04/16,Park Inn by Radisson Brussels Midi,2016-04-20T07:33:59+01:00,2016-04-20T08:22:51+01:00,2932,50.835322364295,4.3384387829589,,
20/04/16,The Egg Brussels,2016-04-20T09:17:28+01:00,2016-04-20T14:45:19+01:00,19671,50.833004925647,4.3271907488386,,
20/04/16,Park Inn by Radisson Brussels Midi,2016-04-20T15:01:01+01:00,2016-04-20T16:36:56+01:00,5755,50.835322364295,4.3384387829589,,
20/04/16,The Egg Brussels,2016-04-20T16:49:52+01:00,2016-04-20T18:31:19+01:00,6087,50.833004925647,4.3271907488386,,
20/04/16,Park Inn by Radisson Brussels Midi,2016-04-20T18:48:49+01:00,2016-04-20T19:40:15+01:00,3086,50.835322364295,4.3384387829589,,
20/04/16,Gare de Bruxelles-Midi Station Brussel-Zuid,2016-04-20T19:42:48+01:00,2016-04-20T19:58:07+01:00,919,50.835709754195,4.3349877610358,,
20/04/16,Park Inn by Radisson Brussels Midi,2016-04-20T20:06:09+01:00,2016-04-21T00:00:00+01:00,14031,50.835322364295,4.3384387829589,,
21/04/16,Park Inn by Radisson Brussels Midi,2016-04-21T00:00:00+01:00,2016-04-21T08:08:09+01:00,29289,50.835322364295,4.3384387829589,,
21/04/16,The Egg Brussels,2016-04-21T08:25:37+01:00,2016-04-21T11:02:12+01:00,9395,50.833004925647,4.3271907488386,,
21/04/16,Park Inn by Radisson Brussels Midi,2016-04-21T11:12:29+01:00,2016-04-21T11:14:47+01:00,138,50.835322364295,4.3384387829589,,
21/04/16,Le Schievelavabo Place Jourdan,2016-04-21T11:42:28+01:00,2016-04-21T12:43:03+01:00,3635,50.8364601,4.3797898,,
21/04/16,Brussels Airport (BRU),2016-04-21T13:23:11+01:00,2016-04-21T13:42:53+01:00,1182,50.898188,4.481885,Airport,http://foursquare.com/venue/4ade0dbaf964a5202a6d21e3
21/04/16,Place in Vlaamse Gemeenschap,2016-04-21T13:47:02+01:00,2016-04-21T13:53:19+01:00,377,50.9016789968,4.4818158294,,
21/04/16,Place in Vlaamse Gemeenschap,2016-04-21T13:59:52+01:00,2016-04-21T16:32:39+01:00,9167,50.902461,4.4831493,,
21/04/16,Place in Vlaamse Gemeenschap,2016-04-21T16:34:03+01:00,2016-04-21T16:53:00+01:00,1137,50.895451,4.488547,,
21/04/16,Estação Ferroviária da Gare do Oriente,2016-04-21T21:18:31+01:00,2016-04-21T22:09:17+01:00,3046,38.76783692713695,-9.09915804862976,Train Station,http://foursquare.com/venue/4b0a4396f964a520db2223e3
22/04/16,HOME,2016-04-22T00:22:54+01:00,2016-04-22T08:20:43+01:00,28669,40.2120701263,-8.4065565308,Home,
22/04/16,DEI,2016-04-22T08:50:56+01:00,2016-04-22T14:03:11+01:00,18735,40.18644710002327,-8.415741920471191,Work,
22/04/16,Edifício FCTUC polo II,2016-04-22T14:47:14+01:00,2016-04-22T17:13:12+01:00,8758,40.18652526548751,-8.416074485734422,Work,
22/04/16,British Council,2016-04-22T17:51:57+01:00,2016-04-22T19:21:54+01:00,5397,40.20743746929237,-8.41976902052327,College Academic Building,http://foursquare.com/venue/4d3da370a2e4b1f782d2f325
22/04/16,DEI,2016-04-22T19:36:31+01:00,2016-04-22T20:41:19+01:00,3888,40.18644710002327,-8.415741920471191,Work,
22/04/16,Place in Portugal,2016-04-22T20:58:26+01:00,2016-04-23T00:00:00+01:00,10894,40.21199,-8.4062349,,
23/04/16,Place in Portugal,2016-04-23T00:00:00+01:00,2016-04-23T10:04:15+01:00,36255,40.21199,-8.4062349,,
23/04/16,Forum Coimbra,2016-04-23T10:25:34+01:00,2016-04-23T12:15:45+01:00,6611,40.21152308055715,-8.443529605865479,Mall,http://foursquare.com/venue/4b688d61f964a520737f2be3
23/04/16,Jumbo - Estação de Serviço,2016-04-23T12:42:52+01:00,2016-04-23T12:47:07+01:00,255,40.19005628742404,-8.401116162229203,Gas Station / Garage,http://foursquare.com/venue/4d7deaefebc15481be46d8a6
23/04/16,HOME,2016-04-23T12:58:17+01:00,2016-04-23T18:57:49+01:00,21572,40.2120701263,-8.4065565308,Home,
23/04/16,Jumbo,2016-04-23T19:08:06+01:00,2016-04-23T19:13:59+01:00,353,40.20463119576016,-8.407534918776188,Supermarket,http://foursquare.com/venue/4d274a82fb8e59413e544c54
23/04/16,Jumbo,2016-04-23T19:16:05+01:00,2016-04-23T21:22:50+01:00,7605,40.20463119576016,-8.407534918776188,Supermarket,http://foursquare.com/venue/4d274a82fb8e59413e544c54
23/04/16,HOME,2016-04-23T21:28:58+01:00,2016-04-24T00:00:00+01:00,9062,40.2120701263,-8.4065565308,Home,
24/04/16,HOME,2016-04-24T00:00:00+01:00,2016-04-24T18:53:32+01:00,68012,40.2120701263,-8.4065565308,Home,
24/04/16,Jumbo,2016-04-24T19:15:21+01:00,2016-04-24T19:55:04+01:00,2383,40.20463119576016,-8.407534918776188,Supermarket,http://foursquare.com/venue/4d274a82fb8e59413e544c54
24/04/16,HOME,2016-04-24T20:17:34+01:00,2016-04-25T00:00:00+01:00,13346,40.2120701263,-8.4065565308,Home,
25/04/16,HOME,2016-04-25T00:00:00+01:00,2016-04-25T16:10:13+01:00,58213,40.2120701263,-8.4065565308,Home,
25/04/16,Jumbo,2016-04-25T16:22:57+01:00,2016-04-25T17:18:32+01:00,3335,40.20463119576016,-8.407534918776188,Supermarket,http://foursquare.com/venue/4d274a82fb8e59413e544c54
25/04/16,HOME,2016-04-25T17:40:28+01:00,2016-04-26T00:00:00+01:00,22772,40.2120701263,-8.4065565308,Home,
26/04/16,HOME,2016-04-26T00:00:00+01:00,2016-04-26T08:13:40+01:00,29620,40.2120701263,-8.4065565308,Home,
26/04/16,HOME,2016-04-26T08:21:55+01:00,2016-04-26T11:54:04+01:00,12729,40.2120701263,-8.4065565308,Home,
26/04/16,Jumbo - Estação de Serviço,2016-04-26T11:59:46+01:00,2016-04-26T13:19:57+01:00,4811,40.19005628742404,-8.401116162229203,Gas Station / Garage,http://foursquare.com/venue/4d7deaefebc15481be46d8a6
26/04/16,DEI,2016-04-26T13:27:08+01:00,2016-04-26T14:00:39+01:00,2011,40.18644710002327,-8.415741920471191,Work,
26/04/16,DEM,2016-04-26T14:03:41+01:00,2016-04-26T15:16:40+01:00,4379,40.185332,-8.412341,Work,
26/04/16,DEM,2016-04-26T15:28:18+01:00,2016-04-26T16:53:33+01:00,5115,40.185332,-8.412341,Work,
26/04/16,DEI,2016-04-26T16:55:41+01:00,2016-04-26T21:14:40+01:00,15539,40.18644710002327,-8.415741920471191,Work,
26/04/16,HOME,2016-04-26T21:22:29+01:00,2016-04-27T00:00:00+01:00,9451,40.2120701263,-8.4065565308,Home,
27/04/16,HOME,2016-04-27T00:00:00+01:00,2016-04-27T08:15:39+01:00,29739,40.2120701263,-8.4065565308,Home,
27/04/16,DEI,2016-04-27T08:46:36+01:00,2016-04-27T13:48:24+01:00,18108,40.18644710002327,-8.415741920471191,Work,
27/04/16,DEI,2016-04-27T13:49:22+01:00,2016-04-27T15:11:04+01:00,4902,40.18644710002327,-8.415741920471191,Work,
27/04/16,DEM,2016-04-27T15:17:36+01:00,2016-04-27T18:38:24+01:00,12048,40.185332,-8.412341,Work,
27/04/16,Forum Coimbra,2016-04-27T19:02:23+01:00,2016-04-27T20:01:52+01:00,3569,40.21152308055715,-8.443529605865479,Mall,http://foursquare.com/venue/4b688d61f964a520737f2be3
27/04/16,N10 - Futebol Indoor,2016-04-27T20:12:16+01:00,2016-04-27T20:27:35+01:00,919,40.23742727262726,-8.446042953726579,Soccer Field,http://foursquare.com/venue/4ba7d6c3f964a520dcb739e3
27/04/16,HOME,2016-04-27T20:45:11+01:00,2016-04-28T00:00:00+01:00,11689,40.2120701263,-8.4065565308,Home,
28/04/16,HOME,2016-04-28T00:00:00+01:00,2016-04-28T08:15:13+01:00,29713,40.2120701263,-8.4065565308,Home,
28/04/16,DEI,2016-04-28T08:27:43+01:00,2016-04-28T12:07:28+01:00,13185,40.18644710002327,-8.415741920471191,Work,
28/04/16,AS Mealhada [S-N],2016-04-28T12:24:42+01:00,2016-04-28T13:08:02+01:00,2600,40.33314902320891,-8.49268913269043,Gas Station / Garage,http://foursquare.com/venue/4b75c3cef964a5200e232ee3
28/04/16,Place in Portugal,2016-04-28T13:50:42+01:00,2016-04-28T16:50:53+01:00,10811,40.633751,-8.6600915,,
28/04/16,Place in Portugal,2016-04-28T16:56:20+01:00,2016-04-28T17:06:20+01:00,600,40.636245,-8.6596001,,
28/04/16,HOME,2016-04-28T17:57:28+01:00,2016-04-29T00:00:00+01:00,21752,40.2120701263,-8.4065565308,Home,
29/04/16,HOME,2016-04-29T00:00:00+01:00,2016-04-29T08:20:13+01:00,30013,40.2120701263,-8.4065565308,Home,
29/04/16,DEI,2016-04-29T08:50:17+01:00,2016-04-29T13:04:01+01:00,15224,40.18644710002327,-8.415741920471191,Work,
29/04/16,Continente,2016-04-29T13:19:33+01:00,2016-04-29T13:31:25+01:00,712,40.19422056764586,-8.408921528231312,Supermarket,http://foursquare.com/venue/4da16672c6e96ea86b36c05d
29/04/16,Jumbo,2016-04-29T13:43:40+01:00,2016-04-29T14:18:36+01:00,2096,40.20463119576016,-8.407534918776188,Supermarket,http://foursquare.com/venue/4d274a82fb8e59413e544c54
29/04/16,DEI,2016-04-29T14:32:37+01:00,2016-04-29T17:07:33+01:00,9296,40.18644710002327,-8.415741920471191,Work,
29/04/16,Penedo da Saudade,2016-04-29T17:47:20+01:00,2016-04-29T18:19:19+01:00,1919,40.20498813429585,-8.415062536289089,Scenic Lookout,http://foursquare.com/venue/4c95eabbf7cfa1cdbdb4c115
29/04/16,British Council,2016-04-29T18:34:29+01:00,2016-04-29T20:24:46+01:00,6617,40.20743746929237,-8.41976902052327,College Academic Building,http://foursquare.com/venue/4d3da370a2e4b1f782d2f325
29/04/16,HOME,2016-04-29T20:29:40+01:00,2016-04-30T00:00:00+01:00,12620,40.2120701263,-8.4065565308,Home,
30/04/16,HOME,2016-04-30T00:00:00+01:00,2016-04-30T10:07:10+01:00,36430,40.2120701263,-8.4065565308,Home,
30/04/16,DEI,2016-04-30T10:19:24+01:00,2016-04-30T13:19:46+01:00,10822,40.18644710002327,-8.415741920471191,Work,
30/04/16,Jumbo,2016-04-30T13:33:46+01:00,2016-04-30T15:01:41+01:00,5275,40.20463119576016,-8.407534918776188,Supermarket,http://foursquare.com/venue/4d274a82fb8e59413e544c54
30/04/16,Jumbo,2016-04-30T15:16:06+01:00,2016-04-30T15:18:05+01:00,119,40.20463119576016,-8.407534918776188,Supermarket,http://foursquare.com/venue/4d274a82fb8e59413e544c54
30/04/16,HOME,2016-04-30T15:25:31+01:00,2016-04-30T17:31:03+01:00,7532,40.2120701263,-8.4065565308,Home,
30/04/16,FEUC - Faculdade de Economia da Universidade de Coimbra,2016-04-30T17:37:54+01:00,2016-04-30T19:13:47+01:00,5753,40.214996929302,-8.4087896347046,,
30/04/16,Place in Portugal,2016-04-30T19:24:06+01:00,2016-04-30T19:37:49+01:00,823,40.228223,-8.4083543,,
30/04/16,Jumbo,2016-04-30T20:01:15+01:00,2016-04-30T20:16:31+01:00,916,40.20463119576016,-8.407534918776188,Supermarket,http://foursquare.com/venue/4d274a82fb8e59413e544c54
30/04/16,HOME,2016-04-30T20:28:19+01:00,2016-05-01T00:00:00+01:00,12701,40.2120701263,-8.4065565308,Home,
01/05/16,HOME,2016-05-01T00:00:00+01:00,2016-05-01T12:34:40+01:00,45280,40.2120701263,-8.4065565308,Home,
01/05/16,TEMPU's lounge gallery,2016-05-01T13:04:23+01:00,2016-05-01T15:36:13+01:00,9110,40.34724,-8.59421,,
01/05/16,HOME,2016-05-01T16:18:46+01:00,2016-05-01T17:32:57+01:00,4451,40.2120701263,-8.4065565308,Home,
01/05/16,Place in Portugal,2016-05-01T17:39:52+01:00,2016-05-01T17:48:32+01:00,520,40.204273,-8.4013049,,
01/05/16,Jumbo,2016-05-01T17:53:50+01:00,2016-05-01T18:20:12+01:00,1582,40.20463119576016,-8.407534918776188,Supermarket,http://foursquare.com/venue/4d274a82fb8e59413e544c54
01/05/16,Place in Dolce Vita Coimbra,2016-05-01T18:24:52+01:00,2016-05-01T18:34:45+01:00,593,40.2044792954,-8.4084213483,,
01/05/16,Piscina,2016-05-01T18:48:58+01:00,2016-05-01T19:40:33+01:00,3095,40.21092120360054,-8.405800354736165,Pool,http://foursquare.com/venue/4fe39bb8e4b00f260100ed2f
01/05/16,HOME,2016-05-01T20:30:34+01:00,2016-05-02T00:00:00+01:00,12566,40.2120701263,-8.4065565308,Home,
02/05/16,HOME,2016-05-02T00:00:00+01:00,2016-05-02T08:26:13+01:00,30373,40.2120701263,-8.4065565308,Home,
02/05/16,IPN,2016-05-02T08:37:22+01:00,2016-05-02T11:45:06+01:00,11264,40.19238094732769,-8.41402530670166,Work,
02/05/16,Fnac,2016-05-02T11:56:02+01:00,2016-05-02T12:35:01+01:00,2339,40.21168645055057,-8.443552265349041,Electronics Store,http://foursquare.com/venue/4c0a35127e3fc9280c30f382
02/05/16,Place in Forum Coimbra,2016-05-02T12:36:57+01:00,2016-05-02T12:39:04+01:00,127,40.210918,-8.4442667,,
02/05/16,DEI,2016-05-02T12:50:49+01:00,2016-05-02T16:41:15+01:00,13826,40.18644710002327,-8.415741920471191,Work,
02/05/16,Escola Sofia,2016-05-02T16:49:53+01:00,2016-05-02T17:03:56+01:00,843,40.20763117531336,-8.402105569839478,Middle School,http://foursquare.com/venue/51bcb6598bbd09c755f6bda5
02/05/16,HOME,2016-05-02T17:11:51+01:00,2016-05-03T00:00:00+01:00,24489,40.2120701263,-8.4065565308,Home,
03/05/16,HOME,2016-05-03T00:00:00+01:00,2016-05-03T09:04:49+01:00,32689,40.2120701263,-8.4065565308,Home,
03/05/16,DEI,2016-05-03T09:13:53+01:00,2016-05-03T13:11:33+01:00,14260,40.18644710002327,-8.415741920471191,Work,
03/05/16,Via Lusitãnia,2016-05-03T13:18:37+01:00,2016-05-03T14:47:59+01:00,5362,40.19897101498315,-8.40278637776605,Seafood Restaurant,http://foursquare.com/venue/4e3b024788772c3bf1295d29
03/05/16,DEI,2016-05-03T14:57:51+01:00,2016-05-03T15:15:52+01:00,1081,40.18644710002327,-8.415741920471191,Work,
03/05/16,DEI,2016-05-03T15:29:03+01:00,2016-05-03T19:36:48+01:00,14865,40.18644710002327,-8.415741920471191,Work,
03/05/16,Jumbo - Estação de Serviço,2016-05-03T19:39:31+01:00,2016-05-03T19:50:38+01:00,667,40.19005628742404,-8.401116162229203,Gas Station / Garage,http://foursquare.com/venue/4d7deaefebc15481be46d8a6
03/05/16,HOME,2016-05-03T20:03:00+01:00,2016-05-04T00:00:00+01:00,14220,40.2120701263,-8.4065565308,Home,
04/05/16,HOME,2016-05-04T00:00:00+01:00,2016-05-04T08:16:40+01:00,29800,40.2120701263,-8.4065565308,Home,
04/05/16,DEI,2016-05-04T08:33:19+01:00,2016-05-04T12:33:03+01:00,14384,40.18644710002327,-8.415741920471191,Work,
04/05/16,Edifício FCTUC polo II,2016-05-04T12:35:22+01:00,2016-05-04T16:24:52+01:00,13770,40.18652526548751,-8.416074485734422,Work,
04/05/16,DEI,2016-05-04T16:50:20+01:00,2016-05-04T17:32:27+01:00,2527,40.18644710002327,-8.415741920471191,Work,
04/05/16,HOME,2016-05-04T17:44:59+01:00,2016-05-05T00:00:00+01:00,22501,40.2120701263,-8.4065565308,Home,
05/05/16,HOME,2016-05-05T00:00:00+01:00,2016-05-05T06:40:50+01:00,24050,40.2120701263,-8.4065565308,Home,
05/05/16,Colegio Arzobispo Fonseca (Salamanca),2016-05-05T09:55:02+01:00,2016-05-05T13:10:05+01:00,11703,40.966073683192,-5.670224,,
05/05/16,Colegio Arzobispo Fonseca (Salamanca),2016-05-05T13:11:15+01:00,2016-05-05T14:42:00+01:00,5445,40.966073683192,-5.670224,,
05/05/16,Súmate - Marketing Online,2016-05-05T14:53:59+01:00,2016-05-05T16:49:13+01:00,6914,40.995712655988,-5.7200902906444,,
05/05/16,HOME,2016-05-05T20:31:47+01:00,2016-05-06T00:00:00+01:00,12493,40.2120701263,-8.4065565308,Home,
06/05/16,HOME,2016-05-06T00:00:00+01:00,2016-05-06T08:05:21+01:00,29121,40.2120701263,-8.4065565308,Home,
06/05/16,HOME,2016-05-06T08:12:48+01:00,2016-05-06T10:24:30+01:00,7902,40.2120701263,-8.4065565308,Home,
06/05/16,Jumbo - Estação de Serviço,2016-05-06T10:31:56+01:00,2016-05-06T10:38:50+01:00,414,40.19005628742404,-8.401116162229203,Gas Station / Garage,http://foursquare.com/venue/4d7deaefebc15481be46d8a6
06/05/16,IPN TecBis,2016-05-06T10:43:26+01:00,2016-05-06T10:45:45+01:00,139,40.19192681663996,-8.414179099550577,Work,
06/05/16,DEI,2016-05-06T11:25:24+01:00,2016-05-06T16:28:24+01:00,18180,40.18644710002327,-8.415741920471191,Work,
06/05/16,DEI,2016-05-06T16:49:16+01:00,2016-05-06T17:06:56+01:00,1060,40.18644710002327,-8.415741920471191,Work,
06/05/16,British Council,2016-05-06T17:30:08+01:00,2016-05-06T17:58:30+01:00,1702,40.20743746929237,-8.41976902052327,College Academic Building,http://foursquare.com/venue/4d3da370a2e4b1f782d2f325
06/05/16,British Council,2016-05-06T18:07:32+01:00,2016-05-06T20:24:40+01:00,8228,40.20743746929237,-8.41976902052327,College Academic Building,http://foursquare.com/venue/4d3da370a2e4b1f782d2f325
06/05/16,HOME,2016-05-06T20:29:42+01:00,2016-05-07T00:00:00+01:00,12618,40.2120701263,-8.4065565308,Home,
07/05/16,HOME,2016-05-07T00:00:00+01:00,2016-05-07T11:36:43+01:00,41803,40.2120701263,-8.4065565308,Home,
07/05/16,HOME,2016-05-07T14:08:36+01:00,2016-05-08T00:00:00+01:00,35484,40.2120701263,-8.4065565308,Home,
08/05/16,HOME,2016-05-08T00:00:00+01:00,2016-05-08T12:37:43+01:00,45463,40.2120701263,-8.4065565308,Home,
08/05/16,Jumbo - Estação de Serviço,2016-05-08T12:43:23+01:00,2016-05-08T12:53:39+01:00,616,40.19005628742404,-8.401116162229203,Gas Station / Garage,http://foursquare.com/venue/4d7deaefebc15481be46d8a6
08/05/16,Rei dos Frangos,2016-05-08T13:00:50+01:00,2016-05-08T13:26:07+01:00,1517,40.19530103835637,-8.404301381194136,Restaurant,http://foursquare.com/venue/4cd4791c76ab721e7052676a
08/05/16,HOME,2016-05-08T13:36:34+01:00,2016-05-08T17:38:09+01:00,14495,40.2120701263,-8.4065565308,Home,
08/05/16,Área De Serviço Pombal,2016-05-08T18:11:13+01:00,2016-05-08T18:29:31+01:00,1098,40.013542344543,-8.6001950123028,,
08/05/16,Área de Serviço - Leiria,2016-05-08T18:47:48+01:00,2016-05-08T19:11:41+01:00,1433,39.7128335,-8.7106277,,
08/05/16,Vila Bicuda,2016-05-08T20:41:44+01:00,2016-05-08T21:05:00+01:00,1396,38.705690341151,-9.452666594097,,
08/05/16,Vila Bicuda,2016-05-08T21:06:27+01:00,2016-05-08T21:45:08+01:00,2321,38.705690341151,-9.452666594097,,
08/05/16,Place in Parque Natural de Sintra-Cascais,2016-05-08T22:02:15+01:00,2016-05-08T22:04:34+01:00,139,38.70438,-9.4491735,,
08/05/16,Vila Bicuda,2016-05-08T22:12:58+01:00,2016-05-09T00:00:00+01:00,6422,38.705690341151,-9.452666594097,,
09/05/16,Vila Bicuda,2016-05-09T00:00:00+01:00,2016-05-09T07:56:00+01:00,28560,38.705690341151,-9.452666594097,,
09/05/16,Vila Bicuda,2016-05-09T08:11:05+01:00,2016-05-09T12:19:48+01:00,14923,38.705690341151,-9.452666594097,,
09/05/16,Páteo Do Petisco,2016-05-09T12:33:48+01:00,2016-05-09T13:04:41+01:00,1853,38.70571,-9.44239,,
09/05/16,Place in Pampilheira,2016-05-09T13:06:15+01:00,2016-05-09T13:08:03+01:00,108,38.70548,-9.4434091,,
09/05/16,Vila Bicuda,2016-05-09T13:20:43+01:00,2016-05-09T14:21:35+01:00,3652,38.705690341151,-9.452666594097,,
09/05/16,Vila Bicuda,2016-05-09T14:39:36+01:00,2016-05-09T16:47:07+01:00,7651,38.705690341151,-9.452666594097,,
09/05/16,Vila Bicuda,2016-05-09T16:57:09+01:00,2016-05-09T19:04:35+01:00,7646,38.705690341151,-9.452666594097,,
09/05/16,Vila Bicuda,2016-05-09T19:45:40+01:00,2016-05-10T00:00:00+01:00,15260,38.705690341151,-9.452666594097,,
10/05/16,Vila Bicuda,2016-05-10T00:00:00+01:00,2016-05-10T10:18:32+01:00,37112,38.705690341151,-9.452666594097,,
10/05/16,Place in Parque Natural de Sintra-Cascais,2016-05-10T10:19:14+01:00,2016-05-10T10:24:08+01:00,294,38.705405,-9.4512379,,
10/05/16,Vila Bicuda,2016-05-10T10:31:04+01:00,2016-05-10T12:55:32+01:00,8668,38.705690341151,-9.452666594097,,
10/05/16,Vila Bicuda,2016-05-10T13:07:52+01:00,2016-05-10T15:38:53+01:00,9061,38.705690341151,-9.452666594097,,
10/05/16,Place in Parque Natural de Sintra-Cascais,2016-05-10T16:01:15+01:00,2016-05-10T16:04:14+01:00,179,38.695431,-9.4476861,,
10/05/16,Place in Parque Natural de Sintra-Cascais,2016-05-10T16:27:06+01:00,2016-05-10T16:32:15+01:00,309,38.704094,-9.4506105,,
10/05/16,Vila Bicuda,2016-05-10T16:40:01+01:00,2016-05-10T19:26:49+01:00,10008,38.705690341151,-9.452666594097,,
10/05/16,Place in Parque Natural de Sintra-Cascais,2016-05-10T19:36:04+01:00,2016-05-10T19:39:07+01:00,183,38.707056,-9.4527514,,
10/05/16,Place in Parque Natural de Sintra-Cascais,2016-05-10T23:53:48+01:00,2016-05-11T00:00:00+01:00,372,38.705898,-9.4523808,,
11/05/16,Place in Parque Natural de Sintra-Cascais,2016-05-11T00:00:00+01:00,2016-05-11T16:45:43+01:00,60343,38.705898,-9.4523808,,
11/05/16,Vila Bicuda,2016-05-11T17:47:28+01:00,2016-05-11T19:43:10+01:00,6942,38.705690341151,-9.452666594097,,
11/05/16,Vila Bicuda,2016-05-11T19:57:34+01:00,2016-05-12T00:00:00+01:00,14546,38.705690341151,-9.452666594097,,
12/05/16,Vila Bicuda,2016-05-12T00:00:00+01:00,2016-05-12T16:22:39+01:00,58959,38.705690341151,-9.452666594097,,
12/05/16,Place in Parque Natural de Sintra-Cascais,2016-05-12T16:22:42+01:00,2016-05-12T16:29:25+01:00,403,38.707056,-9.4527514,,
13/05/16,Vila Bicuda,2016-05-13T08:01:15+01:00,2016-05-13T15:57:37+01:00,28582,38.705690341151,-9.452666594097,,
13/05/16,Place in Parque Natural de Sintra-Cascais,2016-05-13T16:04:40+01:00,2016-05-13T16:07:23+01:00,163,38.706605,-9.4523872,,
13/05/16,Place in Parque Natural de Sintra-Cascais,2016-05-13T16:09:40+01:00,2016-05-13T16:13:58+01:00,258,38.705008,-9.451299,,
13/05/16,Vila Bicuda,2016-05-13T16:23:29+01:00,2016-05-13T19:48:21+01:00,12292,38.705690341151,-9.452666594097,,
13/05/16,Vila Bicuda,2016-05-13T20:39:02+01:00,2016-05-14T00:00:00+01:00,12058,38.705690341151,-9.452666594097,,
14/05/16,Vila Bicuda,2016-05-14T00:00:00+01:00,2016-05-14T17:51:08+01:00,64268,38.705690341151,-9.452666594097,,
14/05/16,Vila Bicuda,2016-05-14T18:16:03+01:00,2016-05-14T20:21:17+01:00,7514,38.705690341151,-9.452666594097,,
14/05/16,Vila Bicuda,2016-05-14T20:34:56+01:00,2016-05-15T00:00:00+01:00,12304,38.705690341151,-9.452666594097,,
15/05/16,Vila Bicuda,2016-05-15T00:00:00+01:00,2016-05-15T09:21:02+01:00,33662,38.705690341151,-9.452666594097,,
15/05/16,Vila Bicuda,2016-05-15T09:34:55+01:00,2016-05-15T14:43:12+01:00,18497,38.705690341151,-9.452666594097,,
15/05/16,Jumbo,2016-05-15T16:55:20+01:00,2016-05-15T17:21:39+01:00,1579,40.20463119576016,-8.407534918776188,Supermarket,http://foursquare.com/venue/4d274a82fb8e59413e544c54
15/05/16,HOME,2016-05-15T17:31:21+01:00,2016-05-16T00:00:00+01:00,23319,40.2120701263,-8.4065565308,Home,
16/05/16,HOME,2016-05-16T00:00:00+01:00,2016-05-16T08:15:56+01:00,29756,40.2120701263,-8.4065565308,Home,
16/05/16,HOME,2016-05-16T08:24:23+01:00,2016-05-16T10:26:18+01:00,7315,40.2120701263,-8.4065565308,Home,
16/05/16,Edifício FCTUC polo II,2016-05-16T10:33:38+01:00,2016-05-16T12:26:45+01:00,6787,40.18652526548751,-8.416074485734422,Work,
16/05/16,Place in Portugal,2016-05-16T12:44:30+01:00,2016-05-17T00:00:00+01:00,40530,40.21199,-8.4062349,,
17/05/16,Place in Portugal,2016-05-17T00:00:00+01:00,2016-05-17T08:31:31+01:00,30691,40.21199,-8.4062349,,
17/05/16,HOME,2016-05-17T08:31:51+01:00,2016-05-17T10:01:32+01:00,5381,40.2120701263,-8.4065565308,Home,
17/05/16,Jumbo,2016-05-17T10:09:39+01:00,2016-05-17T10:43:06+01:00,2007,40.20463119576016,-8.407534918776188,Supermarket,http://foursquare.com/venue/4d274a82fb8e59413e544c54
17/05/16,Faculdade de Medicina da Universidade de Coimbra,2016-05-17T11:13:09+01:00,2016-05-17T11:24:34+01:00,685,40.2081747,-8.4243723933333,,
17/05/16,Brunn's Coffee & Diner,2016-05-17T11:33:33+01:00,2016-05-17T12:29:59+01:00,3386,40.21079676650128,-8.42161100164461,American Restaurant,http://foursquare.com/venue/53e926c2498ea09a145ac166
17/05/16,Café Cervejaria Atenas,2016-05-17T12:35:09+01:00,2016-05-17T13:42:30+01:00,4041,40.21134282882887,-8.415162563323975,Brewery,http://foursquare.com/venue/4e677477a8098026755294ee
17/05/16,HOME,2016-05-17T13:53:10+01:00,2016-05-17T18:42:27+01:00,17357,40.2120701263,-8.4065565308,Home,
17/05/16,Piscina,2016-05-17T18:44:54+01:00,2016-05-17T18:48:35+01:00,221,40.21092120360054,-8.405800354736165,Pool,http://foursquare.com/venue/4fe39bb8e4b00f260100ed2f
17/05/16,HOME,2016-05-17T19:33:14+01:00,2016-05-18T00:00:00+01:00,16006,40.2120701263,-8.4065565308,Home,
18/05/16,HOME,2016-05-18T00:00:00+01:00,2016-05-18T08:13:05+01:00,29585,40.2120701263,-8.4065565308,Home,
18/05/16,DEI,2016-05-18T08:24:58+01:00,2016-05-18T10:41:04+01:00,8166,40.18644710002327,-8.415741920471191,Work,
18/05/16,Edifício FCTUC polo II,2016-05-18T11:07:51+01:00,2016-05-18T18:12:18+01:00,25467,40.18652526548751,-8.416074485734422,Work,
18/05/16,Fnac,2016-05-18T18:51:48+01:00,2016-05-18T19:28:37+01:00,2209,40.21168645055057,-8.443552265349041,Electronics Store,http://foursquare.com/venue/4c0a35127e3fc9280c30f382
18/05/16,Fnac,2016-05-18T19:33:42+01:00,2016-05-18T20:12:33+01:00,2331,40.21168645055057,-8.443552265349041,Electronics Store,http://foursquare.com/venue/4c0a35127e3fc9280c30f382
18/05/16,Place in Portugal,2016-05-18T20:43:34+01:00,2016-05-19T00:00:00+01:00,11786,40.21199,-8.4062349,,
19/05/16,Place in Portugal,2016-05-19T00:00:00+01:00,2016-05-19T08:15:18+01:00,29718,40.21199,-8.4062349,,
19/05/16,HOME,2016-05-19T08:28:10+01:00,2016-05-19T10:33:12+01:00,7502,40.2120701263,-8.4065565308,Home,
19/05/16,IPN,2016-05-19T10:47:31+01:00,2016-05-19T14:08:55+01:00,12084,40.19238094732769,-8.41402530670166,Work,
19/05/16,Edifício FCTUC polo II,2016-05-19T14:15:16+01:00,2016-05-19T15:00:37+01:00,2721,40.18652526548751,-8.416074485734422,Work,
19/05/16,WIT Software,2016-05-19T15:14:57+01:00,2016-05-19T16:29:07+01:00,4450,40.194263277253,-8.5105078485168,,
19/05/16,Escola Sofia,2016-05-19T16:40:58+01:00,2016-05-19T17:14:04+01:00,1986,40.20763117531336,-8.402105569839478,Middle School,http://foursquare.com/venue/51bcb6598bbd09c755f6bda5
19/05/16,Jumbo,2016-05-19T17:20:03+01:00,2016-05-19T17:30:15+01:00,612,40.20463119576016,-8.407534918776188,Supermarket,http://foursquare.com/venue/4d274a82fb8e59413e544c54
19/05/16,HOME,2016-05-19T17:40:08+01:00,2016-05-19T18:42:26+01:00,3738,40.2120701263,-8.4065565308,Home,
19/05/16,Fnac,2016-05-19T19:06:53+01:00,2016-05-19T20:07:39+01:00,3646,40.21168645055057,-8.443552265349041,Electronics Store,http://foursquare.com/venue/4c0a35127e3fc9280c30f382
19/05/16,HOME,2016-05-19T20:42:50+01:00,2016-05-20T00:00:00+01:00,11830,40.2120701263,-8.4065565308,Home,
20/05/16,HOME,2016-05-20T00:00:00+01:00,2016-05-20T08:15:47+01:00,29747,40.2120701263,-8.4065565308,Home,
20/05/16,DEI,2016-05-20T09:07:28+01:00,2016-05-20T17:13:54+01:00,29186,40.18644710002327,-8.415741920471191,Work,
20/05/16,Fnac,2016-05-20T17:57:54+01:00,2016-05-20T19:36:19+01:00,5905,40.21168645055057,-8.443552265349041,Electronics Store,http://foursquare.com/venue/4c0a35127e3fc9280c30f382
20/05/16,HOME,2016-05-20T19:54:45+01:00,2016-05-20T20:19:48+01:00,1503,40.2120701263,-8.4065565308,Home,
20/05/16,Brunn's Coffee & Diner,2016-05-20T20:30:12+01:00,2016-05-20T21:35:47+01:00,3935,40.21079676650128,-8.42161100164461,American Restaurant,http://foursquare.com/venue/53e926c2498ea09a145ac166
20/05/16,HOME,2016-05-20T21:40:50+01:00,2016-05-21T00:00:00+01:00,8350,40.2120701263,-8.4065565308,Home,
21/05/16,HOME,2016-05-21T00:00:00+01:00,2016-05-21T12:15:40+01:00,44140,40.2120701263,-8.4065565308,Home,
21/05/16,Jumbo,2016-05-21T12:18:38+01:00,2016-05-21T13:57:29+01:00,5931,40.20463119576016,-8.407534918776188,Supermarket,http://foursquare.com/venue/4d274a82fb8e59413e544c54
21/05/16,Café Cervejaria Atenas,2016-05-21T14:06:47+01:00,2016-05-21T14:42:31+01:00,2144,40.21134282882887,-8.415162563323975,Brewery,http://foursquare.com/venue/4e677477a8098026755294ee
21/05/16,Place in Portugal,2016-05-21T14:46:12+01:00,2016-05-21T14:54:46+01:00,514,40.212752,-8.4114317,,
21/05/16,HOME,2016-05-21T14:59:06+01:00,2016-05-21T15:29:55+01:00,1849,40.2120701263,-8.4065565308,Home,
21/05/16,Pastelaria Zizânia,2016-05-21T15:47:52+01:00,2016-05-21T18:15:05+01:00,8833,40.21114298754526,-8.410897089588351,Bakery,http://foursquare.com/venue/4ed0e8d14690a03b5dedccf2
21/05/16,HOME,2016-05-21T18:50:10+01:00,2016-05-22T00:00:00+01:00,18590,40.2120701263,-8.4065565308,Home,
22/05/16,HOME,2016-05-22T00:00:00+01:00,2016-05-22T08:51:38+01:00,31898,40.2120701263,-8.4065565308,Home,
22/05/16,Place in Portugal,2016-05-22T08:54:00+01:00,2016-05-22T09:03:53+01:00,593,40.203486,-8.4050492,,
22/05/16,Aulas Miguel,2016-05-22T09:20:18+01:00,2016-05-22T11:19:38+01:00,7160,40.20222531633559,-8.408637779802405,Bookstore,http://foursquare.com/venue/4ba4e1f1f964a5209ebe38e3
22/05/16,Continente,2016-05-22T11:40:32+01:00,2016-05-22T11:47:39+01:00,427,40.19422056764586,-8.408921528231312,Supermarket,http://foursquare.com/venue/4da16672c6e96ea86b36c05d
22/05/16,HOME,2016-05-22T11:58:10+01:00,2016-05-22T15:10:58+01:00,11568,40.2120701263,-8.4065565308,Home,
22/05/16,Estação Ferroviária de Coimbra-B,2016-05-22T15:19:09+01:00,2016-05-22T15:30:43+01:00,694,40.22517165955158,-8.440675735473633,Train Station,http://foursquare.com/venue/4ceab0c2d99f721e87e6bc73
22/05/16,Place in Portugal,2016-05-22T16:53:39+01:00,2016-05-22T17:01:02+01:00,443,41.150526,-8.5860211,,
22/05/16,Aeroporto Francisco Sá Carneiro (OPO),2016-05-22T17:18:06+01:00,2016-05-22T19:25:38+01:00,7652,41.23696300943226,-8.670487403869629,Airport,http://foursquare.com/venue/4b83f60ff964a5208b1831e3
22/05/16,Partidas / Departures,2016-05-22T19:42:00+01:00,2016-05-22T19:52:00+01:00,600,41.2367327163012,-8.671234909136205,Airport Terminal,http://foursquare.com/venue/4c2e344b7d85a593f8ec53f3
23/05/16,Amsterdam Airport Schiphol,2016-05-23T00:26:39+01:00,2016-05-23T01:01:01+01:00,2062,52.309100908699,4.763863705085,,
23/05/16,Singel Hotel in Amsterdam,2016-05-23T01:30:24+01:00,2016-05-23T09:10:12+01:00,27588,52.377821128449,4.8932378535244,,
23/05/16,Place in Tolhuistuin,2016-05-23T09:48:04+01:00,2016-05-23T09:53:00+01:00,296,52.384006,4.9055881,,
23/05/16,A Lab Amsterdam,2016-05-23T09:56:01+01:00,2016-05-23T11:14:18+01:00,4697,52.384102213157,4.9030829413074,,
23/05/16,Place in Amsterdam,2016-05-23T11:17:52+01:00,2016-05-23T11:19:14+01:00,82,52.382656,4.9037247,,
23/05/16,Centraal Station Amsterdam,2016-05-23T11:25:00+01:00,2016-05-23T12:08:31+01:00,2611,52.379016235038,4.9006996144275,,
"23/05/16,""Auditorium, TU/e"",2016-05-23T13:42:29+01:00,2016-05-23T14:50:55+01:00,4106,51.44789,5.48596,,"
23/05/16,Vertigo (TU/e),2016-05-23T14:53:52+01:00,2016-05-23T15:48:02+01:00,3250,51.44653004,5.48521756,,
23/05/16,Place in 's-Hertogenbosch,2016-05-23T16:20:20+01:00,2016-05-23T16:22:23+01:00,123,51.69227,5.2942361,,
23/05/16,Singel Hotel in Amsterdam,2016-05-23T17:52:04+01:00,2016-05-24T00:00:00+01:00,22076,52.377821128449,4.8932378535244,,
24/05/16,Singel Hotel in Amsterdam,2016-05-24T00:00:00+01:00,2016-05-24T05:09:31+01:00,18571,52.377821128449,4.8932378535244,,
24/05/16,StrijpS,2016-05-24T07:08:12+01:00,2016-05-24T12:18:03+01:00,18591,51.447453018233,5.4572400122714,,
24/05/16,Eindhoven Station Centraal,2016-05-24T12:43:11+01:00,2016-05-24T13:01:35+01:00,1104,51.443283256114,5.4799182407049,,
24/05/16,Place in Amsterdam,2016-05-24T17:27:04+01:00,2016-05-24T17:33:23+01:00,379,52.378444,4.8957299,,
24/05/16,Singel Hotel in Amsterdam,2016-05-24T17:37:00+01:00,2016-05-24T18:25:48+01:00,2928,52.377821128449,4.8932378535244,,
24/05/16,Singel Hotel in Amsterdam,2016-05-24T18:35:56+01:00,2016-05-25T00:00:00+01:00,19444,52.377821128449,4.8932378535244,,
25/05/16,Singel Hotel in Amsterdam,2016-05-25T00:00:00+01:00,2016-05-25T06:50:44+01:00,24644,52.377821128449,4.8932378535244,,
25/05/16,Place in Jan Dellaert Plein,2016-05-25T07:19:59+01:00,2016-05-25T07:23:52+01:00,233,52.3092913869,4.7616134609,,
25/05/16,citizenM Schiphol Airport,2016-05-25T07:34:19+01:00,2016-05-25T15:48:25+01:00,29646,52.30943,4.7558299,,
25/05/16,Singel Hotel in Amsterdam,2016-05-25T16:28:44+01:00,2016-05-25T16:57:32+01:00,1728,52.377821128449,4.8932378535244,,
"25/05/16,""Apple Store, Amsterdam Leidesplein"",2016-05-25T17:30:47+01:00,2016-05-25T18:33:25+01:00,3758,52.3635499,4.88242,,"
25/05/16,Place in Amsterdam,2016-05-25T18:45:51+01:00,2016-05-25T18:47:54+01:00,123,52.367215,4.8893813,,
25/05/16,Singel Hotel in Amsterdam,2016-05-25T19:22:51+01:00,2016-05-26T00:00:00+01:00,16629,52.377821128449,4.8932378535244,,
26/05/16,Singel Hotel in Amsterdam,2016-05-26T00:00:00+01:00,2016-05-26T09:05:05+01:00,32705,52.377821128449,4.8932378535244,,
26/05/16,Singel Hotel in Amsterdam,2016-05-26T09:37:29+01:00,2016-05-26T11:32:41+01:00,6912,52.377821128449,4.8932378535244,,
26/05/16,Centraal Station Amsterdam,2016-05-26T11:39:31+01:00,2016-05-26T11:53:37+01:00,846,52.379016235038,4.9006996144275,,
26/05/16,Amsterdam Airport Schiphol,2016-05-26T12:17:37+01:00,2016-05-26T12:30:46+01:00,789,52.309100908699,4.763863705085,,
26/05/16,Amsterdam Airport Schiphol,2016-05-26T12:31:35+01:00,2016-05-26T14:30:32+01:00,7137,52.309100908699,4.763863705085,,
"26/05/16,""Vertrek/Departures, Schiphol Airport"",2016-05-26T15:08:01+01:00,2016-05-26T16:29:25+01:00,4884,52.308687422469,4.764926322857,,"
26/05/16,Gate D87,2016-05-26T16:39:18+01:00,2016-05-26T17:27:03+01:00,2865,52.309641101684,4.7731466821639,,
26/05/16,Place in Portugal,2016-05-26T18:09:04+01:00,2016-05-26T20:02:49+01:00,6825,40.21199,-8.4062349,,
26/05/16,Place in Portugal,2016-05-26T20:04:59+01:00,2016-05-26T20:14:59+01:00,600,40.21199,-8.4062349,,
26/05/16,Porto - Campanhã,2016-05-26T20:58:56+01:00,2016-05-26T21:57:08+01:00,3492,41.14802,-8.58635,,
26/05/16,Estação de Ermesinde,2016-05-26T22:06:06+01:00,2016-05-26T22:28:11+01:00,1325,41.217147301262,-8.5539019710806,,
26/05/16,Porto - Campanhã,2016-05-26T22:40:31+01:00,2016-05-27T00:00:00+01:00,4769,41.14802,-8.58635,,
27/05/16,Porto - Campanhã,2016-05-27T00:00:00+01:00,2016-05-27T01:31:19+01:00,5479,41.14802,-8.58635,,
27/05/16,HOME,2016-05-27T03:14:06+01:00,2016-05-27T08:23:39+01:00,18573,40.2120701263,-8.4065565308,Home,
27/05/16,DEI,2016-05-27T08:40:45+01:00,2016-05-27T12:16:36+01:00,12951,40.18644710002327,-8.415741920471191,Work,
27/05/16,Rei dos Frangos,2016-05-27T12:37:31+01:00,2016-05-27T13:34:55+01:00,3444,40.19530103835637,-8.404301381194136,Restaurant,http://foursquare.com/venue/4cd4791c76ab721e7052676a
27/05/16,DEI,2016-05-27T14:00:10+01:00,2016-05-27T17:06:03+01:00,11153,40.18644710002327,-8.415741920471191,Work,
27/05/16,British Council,2016-05-27T17:30:52+01:00,2016-05-27T20:26:06+01:00,10514,40.20743746929237,-8.41976902052327,College Academic Building,http://foursquare.com/venue/4d3da370a2e4b1f782d2f325
27/05/16,HOME,2016-05-27T20:30:24+01:00,2016-05-27T21:18:53+01:00,2909,40.2120701263,-8.4065565308,Home,
27/05/16,Place in Portugal,2016-05-27T21:30:32+01:00,2016-05-27T21:40:29+01:00,597,40.185027,-8.4431711,,
27/05/16,HOME,2016-05-27T22:08:41+01:00,2016-05-28T00:00:00+01:00,6679,40.2120701263,-8.4065565308,Home,
28/05/16,HOME,2016-05-28T00:00:00+01:00,2016-05-28T09:11:45+01:00,33105,40.2120701263,-8.4065565308,Home,
28/05/16,Escola Sofia,2016-05-28T09:22:07+01:00,2016-05-28T09:32:32+01:00,625,40.20763117531336,-8.402105569839478,Middle School,http://foursquare.com/venue/51bcb6598bbd09c755f6bda5
28/05/16,Leroy Merlin,2016-05-28T10:13:23+01:00,2016-05-28T10:36:30+01:00,1387,40.19450201100269,-8.404542285629004,Hardware Store,http://foursquare.com/venue/4e15f9dd1495a0bf953cb79b
28/05/16,HOME,2016-05-28T10:46:57+01:00,2016-05-28T12:23:41+01:00,5804,40.2120701263,-8.4065565308,Home,
28/05/16,Jumbo,2016-05-28T12:40:23+01:00,2016-05-28T14:20:05+01:00,5982,40.20463119576016,-8.407534918776188,Supermarket,http://foursquare.com/venue/4d274a82fb8e59413e544c54
28/05/16,HOME,2016-05-28T14:27:42+01:00,2016-05-28T17:40:39+01:00,11577,40.2120701263,-8.4065565308,Home,
28/05/16,HOME,2016-05-28T17:40:39+01:00,2016-05-29T00:00:00+01:00,22761,40.2120701263,-8.4065565308,Home,
29/05/16,HOME,2016-05-29T00:00:00+01:00,2016-05-29T17:08:40+01:00,61720,40.2120701263,-8.4065565308,Home,
29/05/16,HOME,2016-05-29T17:24:01+01:00,2016-05-29T19:23:17+01:00,7156,40.2120701263,-8.4065565308,Home,
29/05/16,Place in Portugal,2016-05-29T19:29:07+01:00,2016-05-29T19:29:20+01:00,13,40.2102654239,-8.4051768091,,
29/05/16,Place in Portugal,2016-05-29T19:37:24+01:00,2016-05-29T19:40:24+01:00,180,40.211473,-8.4073854,,
29/05/16,HOME,2016-05-29T19:46:25+01:00,2016-05-30T00:00:00+01:00,15215,40.2120701263,-8.4065565308,Home,
30/05/16,HOME,2016-05-30T00:00:00+01:00,2016-05-30T08:22:10+01:00,30130,40.2120701263,-8.4065565308,Home,
30/05/16,IPN,2016-05-30T08:34:47+01:00,2016-05-30T12:29:07+01:00,14060,40.19238094732769,-8.41402530670166,Work,
30/05/16,IPN,2016-05-30T12:31:53+01:00,2016-05-30T14:34:24+01:00,7351,40.19238094732769,-8.41402530670166,Work,
30/05/16,HOME,2016-05-30T14:53:46+01:00,2016-05-30T17:34:19+01:00,9633,40.2120701263,-8.4065565308,Home,
30/05/16,Place in Forum Coimbra,2016-05-30T18:10:52+01:00,2016-05-30T18:16:34+01:00,342,40.2118247162,-8.4426026435,,
30/05/16,Fnac,2016-05-30T18:21:16+01:00,2016-05-30T19:02:49+01:00,2493,40.21168645055057,-8.443552265349041,Electronics Store,http://foursquare.com/venue/4c0a35127e3fc9280c30f382
30/05/16,Place in Portugal,2016-05-30T19:57:39+01:00,2016-05-31T00:00:00+01:00,14541,40.21199,-8.4062349,,
31/05/16,Place in Portugal,2016-05-31T00:00:00+01:00,2016-05-31T08:20:53+01:00,30053,40.21199,-8.4062349,,
31/05/16,IPN,2016-05-31T08:41:26+01:00,2016-05-31T10:30:27+01:00,6541,40.19238094732769,-8.41402530670166,Work,
31/05/16,DEI,2016-05-31T10:45:43+01:00,2016-05-31T16:55:51+01:00,22208,40.18644710002327,-8.415741920471191,Work,
31/05/16,DEI,2016-05-31T17:22:12+01:00,2016-05-31T18:54:11+01:00,5519,40.18644710002327,-8.415741920471191,Work,
31/05/16,HOME,2016-05-31T19:22:05+01:00,2016-06-01T00:00:00+01:00,16675,40.2120701263,-8.4065565308,Home,
01/06/16,HOME,2016-06-01T00:00:00+01:00,2016-06-01T08:16:04+01:00,29764,40.2120701263,-8.4065565308,Home,
01/06/16,DEI,2016-06-01T08:36:07+01:00,2016-06-01T10:20:22+01:00,6255,40.18644710002327,-8.415741920471191,Work,
01/06/16,DEI,2016-06-01T10:40:01+01:00,2016-06-01T13:33:17+01:00,10396,40.18644710002327,-8.415741920471191,Work,
01/06/16,Cervejaria Munich,2016-06-01T13:43:30+01:00,2016-06-01T14:24:26+01:00,2456,40.201912,-8.412481,Brewery,http://foursquare.com/venue/4e9742249a528e6d371e78f3
01/06/16,DEI,2016-06-01T14:39:44+01:00,2016-06-01T17:21:37+01:00,9713,40.18644710002327,-8.415741920471191,Work,
01/06/16,HOME,2016-06-01T17:32:33+01:00,2016-06-02T00:00:00+01:00,23247,40.2120701263,-8.4065565308,Home,
02/06/16,HOME,2016-06-02T00:00:00+01:00,2016-06-02T08:19:16+01:00,29956,40.2120701263,-8.4065565308,Home,
02/06/16,DEI,2016-06-02T08:32:11+01:00,2016-06-02T09:54:35+01:00,4944,40.18644710002327,-8.415741920471191,Work,
02/06/16,Place in Portugal,2016-06-02T10:45:29+01:00,2016-06-02T12:58:50+01:00,8001,40.634344,-8.6601691,,
02/06/16,Place in Area de Serviço da Mealhada,2016-06-02T13:28:36+01:00,2016-06-02T13:38:13+01:00,577,40.331651,-8.4935479,,
02/06/16,DEI,2016-06-02T14:23:46+01:00,2016-06-02T17:05:54+01:00,9728,40.18644710002327,-8.415741920471191,Work,
02/06/16,HOME,2016-06-02T17:24:38+01:00,2016-06-02T18:40:24+01:00,4546,40.2120701263,-8.4065565308,Home,
02/06/16,Place in Forum Coimbra,2016-06-02T19:06:14+01:00,2016-06-02T20:11:01+01:00,3887,40.212076,-8.4424095,,
02/06/16,Rei dos Frangos,2016-06-02T20:40:38+01:00,2016-06-02T21:01:31+01:00,1253,40.19530103835637,-8.404301381194136,Restaurant,http://foursquare.com/venue/4cd4791c76ab721e7052676a
02/06/16,HOME,2016-06-02T21:07:41+01:00,2016-06-03T00:00:00+01:00,10339,40.2120701263,-8.4065565308,Home,
03/06/16,HOME,2016-06-03T00:00:00+01:00,2016-06-03T08:15:32+01:00,29732,40.2120701263,-8.4065565308,Home,
03/06/16,DEI,2016-06-03T08:43:55+01:00,2016-06-03T12:19:07+01:00,12912,40.18644710002327,-8.415741920471191,Work,
03/06/16,Place in Pólo II da Universidade de Coimbra - Polo II,2016-06-03T12:21:45+01:00,2016-06-03T12:25:10+01:00,205,40.186276,-8.4138663,,
03/06/16,DEI,2016-06-03T12:45:51+01:00,2016-06-03T15:50:41+01:00,11090,40.18644710002327,-8.415741920471191,Work,
