Date,Type,Name,Start,End,Duration
01/05/16,place,HOME,2016-05-01T00:00:00+01:00,2016-05-01T12:34:40+01:00,45280
01/05/16,move,transport,2016-05-01T12:34:40+01:00,2016-05-01T13:04:23+01:00,1783
01/05/16,place,TEMPU's lounge gallery,2016-05-01T13:04:23+01:00,2016-05-01T15:36:13+01:00,9110
01/05/16,move,transport,2016-05-01T15:36:13+01:00,2016-05-01T16:18:46+01:00,2553
01/05/16,place,HOME,2016-05-01T16:18:46+01:00,2016-05-01T17:32:57+01:00,4451
01/05/16,move,transport,2016-05-01T17:32:57+01:00,2016-05-01T17:37:46+01:00,289
01/05/16,move,walking,2016-05-01T17:37:46+01:00,2016-05-01T17:39:51+01:00,125
01/05/16,place,Place in Portugal,2016-05-01T17:39:52+01:00,2016-05-01T17:48:32+01:00,520
01/05/16,move,transport,2016-05-01T17:48:32+01:00,2016-05-01T17:51:19+01:00,167
01/05/16,move,walking,2016-05-01T17:51:20+01:00,2016-05-01T17:53:50+01:00,150
01/05/16,place,Jumbo,2016-05-01T17:53:50+01:00,2016-05-01T18:20:12+01:00,1582
01/05/16,move,walking,2016-05-01T18:20:12+01:00,2016-05-01T18:24:51+01:00,279
01/05/16,place,Place in Dolce Vita Coimbra,2016-05-01T18:24:52+01:00,2016-05-01T18:34:45+01:00,593
01/05/16,move,walking,2016-05-01T18:34:45+01:00,2016-05-01T18:38:21+01:00,216
01/05/16,move,transport,2016-05-01T18:38:21+01:00,2016-05-01T18:46:53+01:00,512
01/05/16,move,walking,2016-05-01T18:46:53+01:00,2016-05-01T18:48:57+01:00,124
01/05/16,place,Piscina,2016-05-01T18:48:58+01:00,2016-05-01T19:40:33+01:00,3095
01/05/16,move,walking,2016-05-01T19:40:33+01:00,2016-05-01T20:30:34+01:00,3001
01/05/16,place,HOME,2016-05-01T20:30:34+01:00,2016-05-02T00:00:00+01:00,12566
02/05/16,place,HOME,2016-05-02T00:00:00+01:00,2016-05-02T08:26:13+01:00,30373
02/05/16,move,transport,2016-05-02T08:26:13+01:00,2016-05-02T08:37:22+01:00,669
02/05/16,place,IPN,2016-05-02T08:37:22+01:00,2016-05-02T11:45:06+01:00,11264
02/05/16,move,transport,2016-05-02T11:45:06+01:00,2016-05-02T11:52:24+01:00,438
02/05/16,move,walking,2016-05-02T11:52:24+01:00,2016-05-02T11:56:01+01:00,217
02/05/16,place,Fnac,2016-05-02T11:56:02+01:00,2016-05-02T12:35:01+01:00,2339
02/05/16,move,walking,2016-05-02T12:35:01+01:00,2016-05-02T12:36:56+01:00,115
02/05/16,place,Place in Forum Coimbra,2016-05-02T12:36:57+01:00,2016-05-02T12:39:04+01:00,127
02/05/16,move,transport,2016-05-02T12:39:04+01:00,2016-05-02T12:48:47+01:00,583
02/05/16,move,walking,2016-05-02T12:48:48+01:00,2016-05-02T12:50:49+01:00,121
02/05/16,place,DEI,2016-05-02T12:50:49+01:00,2016-05-02T16:41:15+01:00,13826
02/05/16,move,walking,2016-05-02T16:41:15+01:00,2016-05-02T16:43:20+01:00,125
02/05/16,move,transport,2016-05-02T16:43:21+01:00,2016-05-02T16:49:53+01:00,392
02/05/16,place,Escola Sofia,2016-05-02T16:49:53+01:00,2016-05-02T17:03:56+01:00,843
02/05/16,move,transport,2016-05-02T17:03:56+01:00,2016-05-02T17:11:51+01:00,475
02/05/16,place,HOME,2016-05-02T17:11:51+01:00,2016-05-03T00:00:00+01:00,24489
03/05/16,place,HOME,2016-05-03T00:00:00+01:00,2016-05-03T09:04:49+01:00,32689
03/05/16,move,transport,2016-05-03T09:04:49+01:00,2016-05-03T09:09:16+01:00,267
03/05/16,place,DEI,2016-05-03T09:13:53+01:00,2016-05-03T13:11:33+01:00,14260
03/05/16,move,walking,2016-05-03T13:11:33+01:00,2016-05-03T13:14:13+01:00,160
03/05/16,move,transport,2016-05-03T13:14:14+01:00,2016-05-03T13:18:36+01:00,262
03/05/16,place,Via Lusitãnia,2016-05-03T13:18:37+01:00,2016-05-03T14:47:59+01:00,5362
03/05/16,move,transport,2016-05-03T14:47:59+01:00,2016-05-03T14:54:47+01:00,408
03/05/16,move,walking,2016-05-03T14:54:47+01:00,2016-05-03T14:57:50+01:00,183
03/05/16,place,DEI,2016-05-03T14:57:51+01:00,2016-05-03T15:15:52+01:00,1081
03/05/16,move,walking,2016-05-03T15:15:52+01:00,2016-05-03T15:29:03+01:00,791
03/05/16,place,DEI,2016-05-03T15:29:03+01:00,2016-05-03T19:36:48+01:00,14865
03/05/16,move,transport,2016-05-03T19:36:48+01:00,2016-05-03T19:39:30+01:00,162
03/05/16,place,Jumbo - Estação de Serviço,2016-05-03T19:39:31+01:00,2016-05-03T19:50:38+01:00,667
03/05/16,move,transport,2016-05-03T19:50:38+01:00,2016-05-03T20:03:00+01:00,742
03/05/16,place,HOME,2016-05-03T20:03:00+01:00,2016-05-04T00:00:00+01:00,14220
04/05/16,place,HOME,2016-05-04T00:00:00+01:00,2016-05-04T08:16:40+01:00,29800
04/05/16,move,transport,2016-05-04T08:16:40+01:00,2016-05-04T08:31:08+01:00,868
04/05/16,move,walking,2016-05-04T08:31:09+01:00,2016-05-04T08:33:19+01:00,130
04/05/16,place,DEI,2016-05-04T08:33:19+01:00,2016-05-04T12:33:03+01:00,14384
04/05/16,move,walking,2016-05-04T12:33:03+01:00,2016-05-04T12:35:21+01:00,138
04/05/16,place,Edifício FCTUC polo II,2016-05-04T12:35:22+01:00,2016-05-04T16:24:52+01:00,13770
04/05/16,move,walking,2016-05-04T16:24:52+01:00,2016-05-04T16:50:20+01:00,1528
04/05/16,place,DEI,2016-05-04T16:50:20+01:00,2016-05-04T17:32:27+01:00,2527
04/05/16,move,transport,2016-05-04T17:32:27+01:00,2016-05-04T17:43:44+01:00,677
04/05/16,place,HOME,2016-05-04T17:44:59+01:00,2016-05-05T00:00:00+01:00,22501
05/05/16,place,HOME,2016-05-05T00:00:00+01:00,2016-05-05T06:40:50+01:00,24050
05/05/16,move,walking,2016-05-05T06:40:50+01:00,2016-05-05T06:42:41+01:00,111
05/05/16,move,transport,2016-05-05T06:42:42+01:00,2016-05-05T06:53:49+01:00,667
05/05/16,move,transport,2016-05-05T06:53:49+01:00,2016-05-05T09:55:02+01:00,10873
05/05/16,place,Colegio Arzobispo Fonseca (Salamanca),2016-05-05T09:55:02+01:00,2016-05-05T13:10:05+01:00,11703
05/05/16,move,walking,2016-05-05T13:10:05+01:00,2016-05-05T13:11:15+01:00,70
05/05/16,place,Colegio Arzobispo Fonseca (Salamanca),2016-05-05T13:11:15+01:00,2016-05-05T14:42:00+01:00,5445
05/05/16,move,transport,2016-05-05T14:42:00+01:00,2016-05-05T14:53:58+01:00,718
05/05/16,place,Súmate - Marketing Online,2016-05-05T14:53:59+01:00,2016-05-05T16:49:13+01:00,6914
05/05/16,move,transport,2016-05-05T16:49:13+01:00,2016-05-05T20:31:47+01:00,13354
05/05/16,place,HOME,2016-05-05T20:31:47+01:00,2016-05-06T00:00:00+01:00,12493
06/05/16,place,HOME,2016-05-06T00:00:00+01:00,2016-05-06T08:05:21+01:00,29121
06/05/16,place,HOME,2016-05-06T08:12:48+01:00,2016-05-06T10:24:30+01:00,7902
06/05/16,move,transport,2016-05-06T10:24:30+01:00,2016-05-06T10:31:55+01:00,445
06/05/16,place,Jumbo - Estação de Serviço,2016-05-06T10:31:56+01:00,2016-05-06T10:38:50+01:00,414
06/05/16,move,transport,2016-05-06T10:38:50+01:00,2016-05-06T10:43:26+01:00,276
06/05/16,place,IPN TecBis,2016-05-06T10:43:26+01:00,2016-05-06T10:45:45+01:00,139
06/05/16,move,walking,2016-05-06T10:45:45+01:00,2016-05-06T10:47:50+01:00,125
06/05/16,move,transport,2016-05-06T10:47:50+01:00,2016-05-06T10:57:20+01:00,570
06/05/16,move,walking,2016-05-06T10:57:21+01:00,2016-05-06T10:59:21+01:00,120
06/05/16,move,transport,2016-05-06T10:59:21+01:00,2016-05-06T11:08:21+01:00,540
06/05/16,move,walking,2016-05-06T11:08:21+01:00,2016-05-06T11:25:24+01:00,1023
06/05/16,place,DEI,2016-05-06T11:25:24+01:00,2016-05-06T16:28:24+01:00,18180
06/05/16,move,walking,2016-05-06T16:28:24+01:00,2016-05-06T16:40:01+01:00,697
06/05/16,move,transport,2016-05-06T16:40:02+01:00,2016-05-06T16:46:02+01:00,360
06/05/16,move,walking,2016-05-06T16:46:02+01:00,2016-05-06T16:49:16+01:00,194
06/05/16,place,DEI,2016-05-06T16:49:16+01:00,2016-05-06T17:06:56+01:00,1060
06/05/16,move,transport,2016-05-06T17:06:56+01:00,2016-05-06T17:30:07+01:00,1391
06/05/16,place,British Council,2016-05-06T17:30:08+01:00,2016-05-06T17:58:30+01:00,1702
06/05/16,move,walking,2016-05-06T17:58:30+01:00,2016-05-06T18:07:32+01:00,542
06/05/16,place,British Council,2016-05-06T18:07:32+01:00,2016-05-06T20:24:40+01:00,8228
06/05/16,move,transport,2016-05-06T20:24:40+01:00,2016-05-06T20:29:42+01:00,302
06/05/16,place,HOME,2016-05-06T20:29:42+01:00,2016-05-07T00:00:00+01:00,12618
07/05/16,place,HOME,2016-05-07T00:00:00+01:00,2016-05-07T11:36:43+01:00,41803
07/05/16,move,transport,2016-05-07T11:36:43+01:00,2016-05-07T11:39:26+01:00,163
07/05/16,move,transport,2016-05-07T14:03:37+01:00,2016-05-07T14:08:36+01:00,299
07/05/16,place,HOME,2016-05-07T14:08:36+01:00,2016-05-08T00:00:00+01:00,35484
08/05/16,place,HOME,2016-05-08T00:00:00+01:00,2016-05-08T12:37:43+01:00,45463
08/05/16,move,transport,2016-05-08T12:37:43+01:00,2016-05-08T12:43:23+01:00,340
08/05/16,place,Jumbo - Estação de Serviço,2016-05-08T12:43:23+01:00,2016-05-08T12:53:39+01:00,616
08/05/16,move,transport,2016-05-08T12:53:39+01:00,2016-05-08T12:57:49+01:00,250
08/05/16,move,walking,2016-05-08T12:57:49+01:00,2016-05-08T13:00:50+01:00,181
08/05/16,place,Rei dos Frangos,2016-05-08T13:00:50+01:00,2016-05-08T13:26:07+01:00,1517
08/05/16,move,walking,2016-05-08T13:26:07+01:00,2016-05-08T13:28:18+01:00,131
08/05/16,move,transport,2016-05-08T13:28:19+01:00,2016-05-08T13:36:34+01:00,495
08/05/16,place,HOME,2016-05-08T13:36:34+01:00,2016-05-08T17:38:09+01:00,14495
08/05/16,move,transport,2016-05-08T17:38:09+01:00,2016-05-08T18:09:08+01:00,1859
08/05/16,move,walking,2016-05-08T18:09:08+01:00,2016-05-08T18:11:12+01:00,124
08/05/16,place,Área De Serviço Pombal,2016-05-08T18:11:13+01:00,2016-05-08T18:29:31+01:00,1098
08/05/16,move,transport,2016-05-08T18:29:31+01:00,2016-05-08T18:47:48+01:00,1097
08/05/16,place,Área de Serviço - Leiria,2016-05-08T18:47:48+01:00,2016-05-08T19:11:41+01:00,1433
08/05/16,move,transport,2016-05-08T19:11:41+01:00,2016-05-08T20:39:09+01:00,5248
08/05/16,move,walking,2016-05-08T20:39:09+01:00,2016-05-08T20:41:43+01:00,154
08/05/16,place,Vila Bicuda,2016-05-08T20:41:44+01:00,2016-05-08T21:05:00+01:00,1396
08/05/16,move,walking,2016-05-08T21:05:00+01:00,2016-05-08T21:06:27+01:00,87
08/05/16,place,Vila Bicuda,2016-05-08T21:06:27+01:00,2016-05-08T21:45:08+01:00,2321
08/05/16,move,walking,2016-05-08T21:45:08+01:00,2016-05-08T22:02:14+01:00,1026
08/05/16,place,Place in Parque Natural de Sintra-Cascais,2016-05-08T22:02:15+01:00,2016-05-08T22:04:34+01:00,139
08/05/16,move,walking,2016-05-08T22:04:34+01:00,2016-05-08T22:12:57+01:00,503
08/05/16,place,Vila Bicuda,2016-05-08T22:12:58+01:00,2016-05-09T00:00:00+01:00,6422
09/05/16,place,Vila Bicuda,2016-05-09T00:00:00+01:00,2016-05-09T07:56:00+01:00,28560
09/05/16,move,walking,2016-05-09T07:56:00+01:00,2016-05-09T08:11:04+01:00,904
09/05/16,place,Vila Bicuda,2016-05-09T08:11:05+01:00,2016-05-09T12:19:48+01:00,14923
09/05/16,move,walking,2016-05-09T12:19:48+01:00,2016-05-09T12:33:48+01:00,840
09/05/16,place,Páteo Do Petisco,2016-05-09T12:33:48+01:00,2016-05-09T13:04:41+01:00,1853
09/05/16,move,walking,2016-05-09T13:04:41+01:00,2016-05-09T13:06:14+01:00,93
09/05/16,place,Place in Pampilheira,2016-05-09T13:06:15+01:00,2016-05-09T13:08:03+01:00,108
09/05/16,move,walking,2016-05-09T13:08:03+01:00,2016-05-09T13:20:43+01:00,760
09/05/16,place,Vila Bicuda,2016-05-09T13:20:43+01:00,2016-05-09T14:21:35+01:00,3652
09/05/16,move,walking,2016-05-09T14:21:35+01:00,2016-05-09T14:39:35+01:00,1080
09/05/16,place,Vila Bicuda,2016-05-09T14:39:36+01:00,2016-05-09T16:47:07+01:00,7651
09/05/16,move,walking,2016-05-09T16:47:07+01:00,2016-05-09T16:57:08+01:00,601
09/05/16,place,Vila Bicuda,2016-05-09T16:57:09+01:00,2016-05-09T19:04:35+01:00,7646
09/05/16,move,walking,2016-05-09T19:04:35+01:00,2016-05-09T19:45:39+01:00,2464
09/05/16,place,Vila Bicuda,2016-05-09T19:45:40+01:00,2016-05-10T00:00:00+01:00,15260
10/05/16,place,Vila Bicuda,2016-05-10T00:00:00+01:00,2016-05-10T10:18:32+01:00,37112
10/05/16,move,walking,2016-05-10T10:18:32+01:00,2016-05-10T10:19:13+01:00,41
10/05/16,place,Place in Parque Natural de Sintra-Cascais,2016-05-10T10:19:14+01:00,2016-05-10T10:24:08+01:00,294
10/05/16,move,walking,2016-05-10T10:24:08+01:00,2016-05-10T10:31:04+01:00,416
10/05/16,place,Vila Bicuda,2016-05-10T10:31:04+01:00,2016-05-10T12:55:32+01:00,8668
10/05/16,move,walking,2016-05-10T12:55:32+01:00,2016-05-10T13:07:52+01:00,740
10/05/16,place,Vila Bicuda,2016-05-10T13:07:52+01:00,2016-05-10T15:38:53+01:00,9061
10/05/16,move,walking,2016-05-10T15:38:53+01:00,2016-05-10T16:01:15+01:00,1342
10/05/16,place,Place in Parque Natural de Sintra-Cascais,2016-05-10T16:01:15+01:00,2016-05-10T16:04:14+01:00,179
10/05/16,move,walking,2016-05-10T16:04:14+01:00,2016-05-10T16:27:05+01:00,1371
10/05/16,place,Place in Parque Natural de Sintra-Cascais,2016-05-10T16:27:06+01:00,2016-05-10T16:32:15+01:00,309
10/05/16,move,walking,2016-05-10T16:32:16+01:00,2016-05-10T16:40:01+01:00,465
10/05/16,place,Vila Bicuda,2016-05-10T16:40:01+01:00,2016-05-10T19:26:49+01:00,10008
10/05/16,move,walking,2016-05-10T19:26:49+01:00,2016-05-10T19:36:04+01:00,555
10/05/16,place,Place in Parque Natural de Sintra-Cascais,2016-05-10T19:36:04+01:00,2016-05-10T19:39:07+01:00,183
10/05/16,place,Place in Parque Natural de Sintra-Cascais,2016-05-10T23:53:48+01:00,2016-05-11T00:00:00+01:00,372
11/05/16,place,Place in Parque Natural de Sintra-Cascais,2016-05-11T00:00:00+01:00,2016-05-11T16:45:43+01:00,60343
11/05/16,move,walking,2016-05-11T16:45:43+01:00,2016-05-11T17:47:28+01:00,3705
11/05/16,place,Vila Bicuda,2016-05-11T17:47:28+01:00,2016-05-11T19:43:10+01:00,6942
11/05/16,move,walking,2016-05-11T19:43:10+01:00,2016-05-11T19:57:33+01:00,863
11/05/16,place,Vila Bicuda,2016-05-11T19:57:34+01:00,2016-05-12T00:00:00+01:00,14546
12/05/16,place,Vila Bicuda,2016-05-12T00:00:00+01:00,2016-05-12T16:22:39+01:00,58959
12/05/16,place,Place in Parque Natural de Sintra-Cascais,2016-05-12T16:22:42+01:00,2016-05-12T16:29:25+01:00,403
12/05/16,move,walking,2016-05-12T16:29:25+01:00,2016-05-12T16:45:11+01:00,946
13/05/16,place,Vila Bicuda,2016-05-13T08:01:15+01:00,2016-05-13T15:57:37+01:00,28582
13/05/16,move,walking,2016-05-13T15:57:37+01:00,2016-05-13T16:04:39+01:00,422
13/05/16,place,Place in Parque Natural de Sintra-Cascais,2016-05-13T16:04:40+01:00,2016-05-13T16:07:23+01:00,163
13/05/16,move,walking,2016-05-13T16:07:23+01:00,2016-05-13T16:09:39+01:00,136
13/05/16,place,Place in Parque Natural de Sintra-Cascais,2016-05-13T16:09:40+01:00,2016-05-13T16:13:58+01:00,258
13/05/16,move,walking,2016-05-13T16:13:58+01:00,2016-05-13T16:23:29+01:00,571
13/05/16,place,Vila Bicuda,2016-05-13T16:23:29+01:00,2016-05-13T19:48:21+01:00,12292
13/05/16,move,walking,2016-05-13T19:48:21+01:00,2016-05-13T20:22:26+01:00,2045
13/05/16,move,walking,2016-05-13T20:22:26+01:00,2016-05-13T20:39:02+01:00,996
13/05/16,place,Vila Bicuda,2016-05-13T20:39:02+01:00,2016-05-14T00:00:00+01:00,12058
14/05/16,place,Vila Bicuda,2016-05-14T00:00:00+01:00,2016-05-14T17:51:08+01:00,64268
14/05/16,move,walking,2016-05-14T17:51:08+01:00,2016-05-14T18:14:56+01:00,1428
14/05/16,move,walking,2016-05-14T18:15:07+01:00,2016-05-14T18:16:02+01:00,55
14/05/16,place,Vila Bicuda,2016-05-14T18:16:03+01:00,2016-05-14T20:21:17+01:00,7514
14/05/16,move,walking,2016-05-14T20:21:17+01:00,2016-05-14T20:34:56+01:00,819
14/05/16,place,Vila Bicuda,2016-05-14T20:34:56+01:00,2016-05-15T00:00:00+01:00,12304
15/05/16,place,Vila Bicuda,2016-05-15T00:00:00+01:00,2016-05-15T09:21:02+01:00,33662
15/05/16,move,walking,2016-05-15T09:21:02+01:00,2016-05-15T09:34:55+01:00,833
15/05/16,place,Vila Bicuda,2016-05-15T09:34:55+01:00,2016-05-15T14:43:12+01:00,18497
15/05/16,move,transport,2016-05-15T14:43:12+01:00,2016-05-15T16:55:20+01:00,7928
15/05/16,place,Jumbo,2016-05-15T16:55:20+01:00,2016-05-15T17:21:39+01:00,1579
15/05/16,move,transport,2016-05-15T17:21:39+01:00,2016-05-15T17:27:46+01:00,367
15/05/16,move,walking,2016-05-15T17:27:46+01:00,2016-05-15T17:31:20+01:00,214
15/05/16,place,HOME,2016-05-15T17:31:21+01:00,2016-05-16T00:00:00+01:00,23319
16/05/16,place,HOME,2016-05-16T00:00:00+01:00,2016-05-16T08:15:56+01:00,29756
16/05/16,place,HOME,2016-05-16T08:24:23+01:00,2016-05-16T10:26:18+01:00,7315
16/05/16,move,transport,2016-05-16T10:26:18+01:00,2016-05-16T10:33:37+01:00,439
16/05/16,place,Edifício FCTUC polo II,2016-05-16T10:33:38+01:00,2016-05-16T12:26:45+01:00,6787
16/05/16,move,walking,2016-05-16T12:26:45+01:00,2016-05-16T12:34:11+01:00,446
16/05/16,place,Place in Portugal,2016-05-16T12:44:30+01:00,2016-05-17T00:00:00+01:00,40530
17/05/16,place,Place in Portugal,2016-05-17T00:00:00+01:00,2016-05-17T08:31:31+01:00,30691
17/05/16,place,HOME,2016-05-17T08:31:51+01:00,2016-05-17T10:01:32+01:00,5381
17/05/16,move,transport,2016-05-17T10:01:32+01:00,2016-05-17T10:07:36+01:00,364
17/05/16,move,walking,2016-05-17T10:07:36+01:00,2016-05-17T10:09:38+01:00,122
17/05/16,place,Jumbo,2016-05-17T10:09:39+01:00,2016-05-17T10:43:06+01:00,2007
17/05/16,move,walking,2016-05-17T10:43:06+01:00,2016-05-17T10:56:09+01:00,783
17/05/16,move,transport,2016-05-17T10:56:25+01:00,2016-05-17T11:05:08+01:00,523
17/05/16,move,walking,2016-05-17T11:05:09+01:00,2016-05-17T11:13:09+01:00,480
17/05/16,place,Faculdade de Medicina da Universidade de Coimbra,2016-05-17T11:13:09+01:00,2016-05-17T11:24:34+01:00,685
17/05/16,move,walking,2016-05-17T11:24:34+01:00,2016-05-17T11:33:33+01:00,539
17/05/16,place,Brunn's Coffee & Diner,2016-05-17T11:33:33+01:00,2016-05-17T12:29:59+01:00,3386
17/05/16,move,walking,2016-05-17T12:29:59+01:00,2016-05-17T12:35:09+01:00,310
17/05/16,place,Café Cervejaria Atenas,2016-05-17T12:35:09+01:00,2016-05-17T13:42:30+01:00,4041
17/05/16,move,walking,2016-05-17T13:42:30+01:00,2016-05-17T13:47:46+01:00,316
17/05/16,move,transport,2016-05-17T13:47:46+01:00,2016-05-17T13:53:10+01:00,324
17/05/16,place,HOME,2016-05-17T13:53:10+01:00,2016-05-17T18:42:27+01:00,17357
17/05/16,move,walking,2016-05-17T18:42:27+01:00,2016-05-17T18:44:54+01:00,147
17/05/16,place,Piscina,2016-05-17T18:44:54+01:00,2016-05-17T18:48:35+01:00,221
17/05/16,move,walking,2016-05-17T18:48:35+01:00,2016-05-17T19:33:14+01:00,2679
17/05/16,place,HOME,2016-05-17T19:33:14+01:00,2016-05-18T00:00:00+01:00,16006
18/05/16,place,HOME,2016-05-18T00:00:00+01:00,2016-05-18T08:13:05+01:00,29585
18/05/16,move,transport,2016-05-18T08:13:05+01:00,2016-05-18T08:24:57+01:00,712
18/05/16,place,DEI,2016-05-18T08:24:58+01:00,2016-05-18T10:41:04+01:00,8166
18/05/16,move,walking,2016-05-18T10:41:04+01:00,2016-05-18T11:07:51+01:00,1607
18/05/16,place,Edifício FCTUC polo II,2016-05-18T11:07:51+01:00,2016-05-18T18:12:18+01:00,25467
18/05/16,move,transport,2016-05-18T18:12:18+01:00,2016-05-18T18:48:06+01:00,2148
18/05/16,move,walking,2016-05-18T18:48:07+01:00,2016-05-18T18:51:48+01:00,221
18/05/16,place,Fnac,2016-05-18T18:51:48+01:00,2016-05-18T19:28:37+01:00,2209
18/05/16,move,walking,2016-05-18T19:28:37+01:00,2016-05-18T19:33:42+01:00,305
18/05/16,place,Fnac,2016-05-18T19:33:42+01:00,2016-05-18T20:12:33+01:00,2331
18/05/16,move,transport,2016-05-18T20:12:33+01:00,2016-05-18T20:32:25+01:00,1192
18/05/16,place,Place in Portugal,2016-05-18T20:43:34+01:00,2016-05-19T00:00:00+01:00,11786
19/05/16,place,Place in Portugal,2016-05-19T00:00:00+01:00,2016-05-19T08:15:18+01:00,29718
19/05/16,place,HOME,2016-05-19T08:28:10+01:00,2016-05-19T10:33:12+01:00,7502
19/05/16,move,transport,2016-05-19T10:33:12+01:00,2016-05-19T10:42:30+01:00,558
19/05/16,move,walking,2016-05-19T10:42:31+01:00,2016-05-19T10:47:31+01:00,300
19/05/16,place,IPN,2016-05-19T10:47:31+01:00,2016-05-19T14:08:55+01:00,12084
19/05/16,move,walking,2016-05-19T14:08:55+01:00,2016-05-19T14:13:23+01:00,268
19/05/16,move,transport,2016-05-19T14:13:45+01:00,2016-05-19T14:14:57+01:00,72
19/05/16,place,Edifício FCTUC polo II,2016-05-19T14:15:16+01:00,2016-05-19T15:00:37+01:00,2721
19/05/16,move,transport,2016-05-19T15:00:37+01:00,2016-05-19T15:14:56+01:00,859
19/05/16,place,WIT Software,2016-05-19T15:14:57+01:00,2016-05-19T16:29:07+01:00,4450
19/05/16,move,transport,2016-05-19T16:29:07+01:00,2016-05-19T16:40:57+01:00,710
19/05/16,place,Escola Sofia,2016-05-19T16:40:58+01:00,2016-05-19T17:14:04+01:00,1986
19/05/16,move,walking,2016-05-19T17:14:04+01:00,2016-05-19T17:17:11+01:00,187
19/05/16,move,transport,2016-05-19T17:17:11+01:00,2016-05-19T17:20:02+01:00,171
19/05/16,place,Jumbo,2016-05-19T17:20:03+01:00,2016-05-19T17:30:15+01:00,612
19/05/16,move,transport,2016-05-19T17:30:15+01:00,2016-05-19T17:40:08+01:00,593
19/05/16,place,HOME,2016-05-19T17:40:08+01:00,2016-05-19T18:42:26+01:00,3738
19/05/16,move,transport,2016-05-19T18:42:26+01:00,2016-05-19T19:03:52+01:00,1286
19/05/16,move,walking,2016-05-19T19:03:52+01:00,2016-05-19T19:06:53+01:00,181
19/05/16,place,Fnac,2016-05-19T19:06:53+01:00,2016-05-19T20:07:39+01:00,3646
19/05/16,place,HOME,2016-05-19T20:42:50+01:00,2016-05-20T00:00:00+01:00,11830
20/05/16,place,HOME,2016-05-20T00:00:00+01:00,2016-05-20T08:15:47+01:00,29747
20/05/16,move,transport,2016-05-20T08:15:47+01:00,2016-05-20T08:32:18+01:00,991
20/05/16,place,DEI,2016-05-20T09:07:28+01:00,2016-05-20T17:13:54+01:00,29186
20/05/16,move,walking,2016-05-20T17:13:54+01:00,2016-05-20T17:19:18+01:00,324
20/05/16,move,transport,2016-05-20T17:20:01+01:00,2016-05-20T17:53:22+01:00,2001
20/05/16,move,walking,2016-05-20T17:53:22+01:00,2016-05-20T17:57:54+01:00,272
20/05/16,place,Fnac,2016-05-20T17:57:54+01:00,2016-05-20T19:36:19+01:00,5905
20/05/16,move,walking,2016-05-20T19:36:19+01:00,2016-05-20T19:39:41+01:00,202
20/05/16,move,transport,2016-05-20T19:39:41+01:00,2016-05-20T19:51:44+01:00,723
20/05/16,move,walking,2016-05-20T19:51:45+01:00,2016-05-20T19:54:45+01:00,180
20/05/16,place,HOME,2016-05-20T19:54:45+01:00,2016-05-20T20:19:48+01:00,1503
20/05/16,move,transport,2016-05-20T20:19:48+01:00,2016-05-20T20:30:11+01:00,623
20/05/16,place,Brunn's Coffee & Diner,2016-05-20T20:30:12+01:00,2016-05-20T21:35:47+01:00,3935
20/05/16,move,transport,2016-05-20T21:35:47+01:00,2016-05-20T21:40:50+01:00,303
20/05/16,place,HOME,2016-05-20T21:40:50+01:00,2016-05-21T00:00:00+01:00,8350
21/05/16,place,HOME,2016-05-21T00:00:00+01:00,2016-05-21T12:15:40+01:00,44140
21/05/16,move,transport,2016-05-21T12:15:40+01:00,2016-05-21T12:18:38+01:00,178
21/05/16,place,Jumbo,2016-05-21T12:18:38+01:00,2016-05-21T13:57:29+01:00,5931
21/05/16,move,walking,2016-05-21T13:57:29+01:00,2016-05-21T14:06:47+01:00,558
21/05/16,place,Café Cervejaria Atenas,2016-05-21T14:06:47+01:00,2016-05-21T14:42:31+01:00,2144
21/05/16,move,walking,2016-05-21T14:42:31+01:00,2016-05-21T14:46:11+01:00,220
21/05/16,place,Place in Portugal,2016-05-21T14:46:12+01:00,2016-05-21T14:54:46+01:00,514
21/05/16,move,transport,2016-05-21T14:54:46+01:00,2016-05-21T14:59:05+01:00,259
21/05/16,place,HOME,2016-05-21T14:59:06+01:00,2016-05-21T15:29:55+01:00,1849
21/05/16,move,transport,2016-05-21T15:29:55+01:00,2016-05-21T15:47:51+01:00,1076
21/05/16,place,Pastelaria Zizânia,2016-05-21T15:47:52+01:00,2016-05-21T18:15:05+01:00,8833
21/05/16,move,walking,2016-05-21T18:15:05+01:00,2016-05-21T18:50:09+01:00,2104
21/05/16,place,HOME,2016-05-21T18:50:10+01:00,2016-05-22T00:00:00+01:00,18590
22/05/16,place,HOME,2016-05-22T00:00:00+01:00,2016-05-22T08:51:38+01:00,31898
22/05/16,move,transport,2016-05-22T08:51:38+01:00,2016-05-22T08:54:00+01:00,142
22/05/16,place,Place in Portugal,2016-05-22T08:54:00+01:00,2016-05-22T09:03:53+01:00,593
22/05/16,move,transport,2016-05-22T09:03:53+01:00,2016-05-22T09:18:21+01:00,868
22/05/16,place,Aulas Miguel,2016-05-22T09:20:18+01:00,2016-05-22T11:19:38+01:00,7160
22/05/16,move,transport,2016-05-22T11:19:38+01:00,2016-05-22T11:40:31+01:00,1253
22/05/16,place,Continente,2016-05-22T11:40:32+01:00,2016-05-22T11:47:39+01:00,427
22/05/16,move,walking,2016-05-22T11:47:39+01:00,2016-05-22T11:50:45+01:00,186
22/05/16,move,transport,2016-05-22T11:50:45+01:00,2016-05-22T11:57:56+01:00,431
22/05/16,place,HOME,2016-05-22T11:58:10+01:00,2016-05-22T15:10:58+01:00,11568
22/05/16,move,transport,2016-05-22T15:10:58+01:00,2016-05-22T15:19:08+01:00,490
22/05/16,place,Estação Ferroviária de Coimbra-B,2016-05-22T15:19:09+01:00,2016-05-22T15:30:43+01:00,694
22/05/16,move,transport,2016-05-22T15:30:43+01:00,2016-05-22T16:48:34+01:00,4671
22/05/16,move,walking,2016-05-22T16:48:34+01:00,2016-05-22T16:53:39+01:00,305
22/05/16,place,Place in Portugal,2016-05-22T16:53:39+01:00,2016-05-22T17:01:02+01:00,443
22/05/16,move,transport,2016-05-22T17:01:02+01:00,2016-05-22T17:18:06+01:00,1024
22/05/16,place,Aeroporto Francisco Sá Carneiro (OPO),2016-05-22T17:18:06+01:00,2016-05-22T19:25:38+01:00,7652
22/05/16,move,walking,2016-05-22T19:25:38+01:00,2016-05-22T19:28:39+01:00,181
22/05/16,place,Partidas / Departures,2016-05-22T19:42:00+01:00,2016-05-22T19:52:00+01:00,600
22/05/16,move,airplane,2016-05-22T19:52:01+01:00,2016-05-22T23:59:59+01:00,14878
23/05/16,move,airplane,2016-05-23T00:00:00+01:00,2016-05-23T00:10:54+01:00,654
23/05/16,move,walking,2016-05-23T00:10:55+01:00,2016-05-23T00:26:39+01:00,944
23/05/16,place,Amsterdam Airport Schiphol,2016-05-23T00:26:39+01:00,2016-05-23T01:01:01+01:00,2062
23/05/16,move,transport,2016-05-23T01:01:01+01:00,2016-05-23T01:23:49+01:00,1368
23/05/16,move,walking,2016-05-23T01:23:50+01:00,2016-05-23T01:30:24+01:00,394
23/05/16,place,Singel Hotel in Amsterdam,2016-05-23T01:30:24+01:00,2016-05-23T09:10:12+01:00,27588
23/05/16,move,walking,2016-05-23T09:10:12+01:00,2016-05-23T09:48:03+01:00,2271
23/05/16,place,Place in Tolhuistuin,2016-05-23T09:48:04+01:00,2016-05-23T09:53:00+01:00,296
23/05/16,move,walking,2016-05-23T09:53:00+01:00,2016-05-23T09:56:01+01:00,181
23/05/16,place,A Lab Amsterdam,2016-05-23T09:56:01+01:00,2016-05-23T11:14:18+01:00,4697
23/05/16,move,walking,2016-05-23T11:14:18+01:00,2016-05-23T11:17:52+01:00,214
23/05/16,place,Place in Amsterdam,2016-05-23T11:17:52+01:00,2016-05-23T11:19:14+01:00,82
23/05/16,move,transport,2016-05-23T11:19:14+01:00,2016-05-23T11:21:15+01:00,121
23/05/16,move,walking,2016-05-23T11:21:16+01:00,2016-05-23T11:24:59+01:00,223
23/05/16,place,Centraal Station Amsterdam,2016-05-23T11:25:00+01:00,2016-05-23T12:08:31+01:00,2611
23/05/16,move,transport,2016-05-23T12:08:31+01:00,2016-05-23T13:24:57+01:00,4586
23/05/16,move,walking,2016-05-23T13:24:57+01:00,2016-05-23T13:35:00+01:00,603
23/05/16,move,walking,2016-05-23T13:35:00+01:00,2016-05-23T13:35:35+01:00,35
23/05/16,move,walking,2016-05-23T13:35:35+01:00,2016-05-23T13:42:28+01:00,413
23/05/16,place,Auditorium (TU/e),2016-05-23T13:42:29+01:00,2016-05-23T14:50:55+01:00,4106
23/05/16,move,walking,2016-05-23T14:50:55+01:00,2016-05-23T14:53:51+01:00,176
23/05/16,place,Vertigo (TU/e),2016-05-23T14:53:52+01:00,2016-05-23T15:48:02+01:00,3250
23/05/16,move,walking,2016-05-23T15:48:02+01:00,2016-05-23T16:02:14+01:00,852
23/05/16,move,transport,2016-05-23T16:02:14+01:00,2016-05-23T16:20:19+01:00,1085
23/05/16,place,Place in 's-Hertogenbosch,2016-05-23T16:20:20+01:00,2016-05-23T16:22:23+01:00,123
23/05/16,move,transport,2016-05-23T16:22:23+01:00,2016-05-23T17:13:23+01:00,3060
23/05/16,place,Singel Hotel in Amsterdam,2016-05-23T17:52:04+01:00,2016-05-24T00:00:00+01:00,22076
24/05/16,place,Singel Hotel in Amsterdam,2016-05-24T00:00:00+01:00,2016-05-24T05:09:31+01:00,18571
24/05/16,move,walking,2016-05-24T05:09:31+01:00,2016-05-24T05:15:32+01:00,361
24/05/16,move,transport,2016-05-24T05:15:32+01:00,2016-05-24T06:42:12+01:00,5200
24/05/16,move,walking,2016-05-24T06:42:12+01:00,2016-05-24T07:08:12+01:00,1560
24/05/16,place,StrijpS,2016-05-24T07:08:12+01:00,2016-05-24T12:18:03+01:00,18591
24/05/16,move,walking,2016-05-24T12:18:03+01:00,2016-05-24T12:43:11+01:00,1508
24/05/16,place,Eindhoven Station Centraal,2016-05-24T12:43:11+01:00,2016-05-24T13:01:35+01:00,1104
24/05/16,move,transport,2016-05-24T13:01:35+01:00,2016-05-24T13:39:24+01:00,2269
24/05/16,move,transport,2016-05-24T16:32:07+01:00,2016-05-24T16:43:03+01:00,656
24/05/16,move,walking,2016-05-24T16:43:04+01:00,2016-05-24T17:24:15+01:00,2471
24/05/16,move,walking,2016-05-24T17:24:15+01:00,2016-05-24T17:27:03+01:00,168
24/05/16,place,Place in Amsterdam,2016-05-24T17:27:04+01:00,2016-05-24T17:33:23+01:00,379
24/05/16,move,walking,2016-05-24T17:33:23+01:00,2016-05-24T17:37:00+01:00,217
24/05/16,place,Singel Hotel in Amsterdam,2016-05-24T17:37:00+01:00,2016-05-24T18:25:48+01:00,2928
24/05/16,move,walking,2016-05-24T18:25:48+01:00,2016-05-24T18:35:55+01:00,607
24/05/16,place,Singel Hotel in Amsterdam,2016-05-24T18:35:56+01:00,2016-05-25T00:00:00+01:00,19444
25/05/16,place,Singel Hotel in Amsterdam,2016-05-25T00:00:00+01:00,2016-05-25T06:50:44+01:00,24644
25/05/16,move,walking,2016-05-25T06:50:44+01:00,2016-05-25T06:57:43+01:00,419
25/05/16,move,transport,2016-05-25T06:57:44+01:00,2016-05-25T07:19:59+01:00,1335
25/05/16,place,Place in Jan Dellaert Plein,2016-05-25T07:19:59+01:00,2016-05-25T07:23:52+01:00,233
25/05/16,move,walking,2016-05-25T07:23:52+01:00,2016-05-25T07:34:19+01:00,627
25/05/16,place,citizenM Schiphol Airport,2016-05-25T07:34:19+01:00,2016-05-25T15:48:25+01:00,29646
25/05/16,move,walking,2016-05-25T15:48:25+01:00,2016-05-25T15:57:23+01:00,538
25/05/16,move,transport,2016-05-25T15:57:23+01:00,2016-05-25T16:17:54+01:00,1231
25/05/16,move,walking,2016-05-25T16:17:54+01:00,2016-05-25T16:28:43+01:00,649
25/05/16,place,Singel Hotel in Amsterdam,2016-05-25T16:28:44+01:00,2016-05-25T16:57:32+01:00,1728
25/05/16,move,walking,2016-05-25T16:57:32+01:00,2016-05-25T17:30:47+01:00,1995
25/05/16,place,Apple Store - Amsterdam Leidesplein,2016-05-25T17:30:47+01:00,2016-05-25T18:33:25+01:00,3758
25/05/16,move,walking,2016-05-25T18:33:25+01:00,2016-05-25T18:45:50+01:00,745
25/05/16,place,Place in Amsterdam,2016-05-25T18:45:51+01:00,2016-05-25T18:47:54+01:00,123
25/05/16,move,walking,2016-05-25T18:47:54+01:00,2016-05-25T19:22:51+01:00,2097
25/05/16,place,Singel Hotel in Amsterdam,2016-05-25T19:22:51+01:00,2016-05-26T00:00:00+01:00,16629
26/05/16,place,Singel Hotel in Amsterdam,2016-05-26T00:00:00+01:00,2016-05-26T09:05:05+01:00,32705
26/05/16,move,walking,2016-05-26T09:05:05+01:00,2016-05-26T09:37:29+01:00,1944
26/05/16,place,Singel Hotel in Amsterdam,2016-05-26T09:37:29+01:00,2016-05-26T11:32:41+01:00,6912
26/05/16,move,walking,2016-05-26T11:32:41+01:00,2016-05-26T11:39:30+01:00,409
26/05/16,place,Centraal Station Amsterdam,2016-05-26T11:39:31+01:00,2016-05-26T11:53:37+01:00,846
26/05/16,move,walking,2016-05-26T11:53:37+01:00,2016-05-26T11:59:56+01:00,379
26/05/16,move,transport,2016-05-26T11:59:56+01:00,2016-05-26T12:17:37+01:00,1061
26/05/16,place,Amsterdam Airport Schiphol,2016-05-26T12:17:37+01:00,2016-05-26T12:30:46+01:00,789
26/05/16,place,Amsterdam Airport Schiphol,2016-05-26T12:31:35+01:00,2016-05-26T14:30:32+01:00,7137
26/05/16,move,walking,2016-05-26T14:30:32+01:00,2016-05-26T14:37:25+01:00,413
26/05/16,place,Vertrek/Departures - Schiphol Airport,2016-05-26T15:08:01+01:00,2016-05-26T16:29:25+01:00,4884
26/05/16,move,transport,2016-05-26T16:29:25+01:00,2016-05-26T16:39:18+01:00,593
26/05/16,place,Gate D87,2016-05-26T16:39:18+01:00,2016-05-26T17:27:03+01:00,2865
26/05/16,move,transport,2016-05-26T17:27:03+01:00,2016-05-26T18:09:03+01:00,2520
26/05/16,place,Place in Portugal,2016-05-26T18:09:04+01:00,2016-05-26T20:02:49+01:00,6825
26/05/16,place,Place in Portugal,2016-05-26T20:04:59+01:00,2016-05-26T20:14:59+01:00,600
26/05/16,move,transport,2016-05-26T20:14:59+01:00,2016-05-26T20:33:12+01:00,1093
26/05/16,move,walking,2016-05-26T20:33:12+01:00,2016-05-26T20:40:42+01:00,450
26/05/16,move,transport,2016-05-26T20:40:43+01:00,2016-05-26T20:55:43+01:00,900
26/05/16,move,walking,2016-05-26T20:55:44+01:00,2016-05-26T20:58:56+01:00,192
26/05/16,place,Porto - Campanhã,2016-05-26T20:58:56+01:00,2016-05-26T21:57:08+01:00,3492
26/05/16,move,transport,2016-05-26T21:57:08+01:00,2016-05-26T22:06:06+01:00,538
26/05/16,place,Estação de Ermesinde,2016-05-26T22:06:06+01:00,2016-05-26T22:28:11+01:00,1325
26/05/16,move,transport,2016-05-26T22:28:11+01:00,2016-05-26T22:40:31+01:00,740
26/05/16,place,Porto - Campanhã,2016-05-26T22:40:31+01:00,2016-05-27T00:00:00+01:00,4769
27/05/16,place,Porto - Campanhã,2016-05-27T00:00:00+01:00,2016-05-27T01:31:19+01:00,5479
27/05/16,move,transport,2016-05-27T01:31:19+01:00,2016-05-27T03:14:06+01:00,6167
27/05/16,place,HOME,2016-05-27T03:14:06+01:00,2016-05-27T08:23:39+01:00,18573
27/05/16,move,transport,2016-05-27T08:23:39+01:00,2016-05-27T08:40:44+01:00,1025
27/05/16,place,DEI,2016-05-27T08:40:45+01:00,2016-05-27T12:16:36+01:00,12951
27/05/16,move,walking,2016-05-27T12:16:36+01:00,2016-05-27T12:37:31+01:00,1255
27/05/16,place,Rei dos Frangos,2016-05-27T12:37:31+01:00,2016-05-27T13:34:55+01:00,3444
27/05/16,move,walking,2016-05-27T13:34:55+01:00,2016-05-27T14:00:10+01:00,1515
27/05/16,place,DEI,2016-05-27T14:00:10+01:00,2016-05-27T17:06:03+01:00,11153
27/05/16,move,transport,2016-05-27T17:06:03+01:00,2016-05-27T17:30:51+01:00,1488
27/05/16,place,British Council,2016-05-27T17:30:52+01:00,2016-05-27T20:26:06+01:00,10514
27/05/16,move,transport,2016-05-27T20:26:06+01:00,2016-05-27T20:30:09+01:00,243
27/05/16,place,HOME,2016-05-27T20:30:24+01:00,2016-05-27T21:18:53+01:00,2909
27/05/16,move,transport,2016-05-27T21:18:53+01:00,2016-05-27T21:30:31+01:00,698
27/05/16,place,Place in Portugal,2016-05-27T21:30:32+01:00,2016-05-27T21:40:29+01:00,597
27/05/16,move,walking,2016-05-27T21:40:29+01:00,2016-05-27T21:42:50+01:00,141
27/05/16,move,transport,2016-05-27T21:42:51+01:00,2016-05-27T22:08:41+01:00,1550
27/05/16,place,HOME,2016-05-27T22:08:41+01:00,2016-05-28T00:00:00+01:00,6679
28/05/16,place,HOME,2016-05-28T00:00:00+01:00,2016-05-28T09:11:45+01:00,33105
28/05/16,move,transport,2016-05-28T09:11:45+01:00,2016-05-28T09:22:06+01:00,621
28/05/16,place,Escola Sofia,2016-05-28T09:22:07+01:00,2016-05-28T09:32:32+01:00,625
28/05/16,move,transport,2016-05-28T09:32:32+01:00,2016-05-28T09:49:44+01:00,1032
28/05/16,move,walking,2016-05-28T09:49:44+01:00,2016-05-28T09:52:14+01:00,150
28/05/16,move,transport,2016-05-28T09:52:14+01:00,2016-05-28T10:13:23+01:00,1269
28/05/16,place,Leroy Merlin,2016-05-28T10:13:23+01:00,2016-05-28T10:36:30+01:00,1387
28/05/16,move,transport,2016-05-28T10:36:30+01:00,2016-05-28T10:44:20+01:00,470
28/05/16,move,walking,2016-05-28T10:44:20+01:00,2016-05-28T10:46:56+01:00,156
28/05/16,place,HOME,2016-05-28T10:46:57+01:00,2016-05-28T12:23:41+01:00,5804
28/05/16,move,transport,2016-05-28T12:23:41+01:00,2016-05-28T12:30:17+01:00,396
28/05/16,move,walking,2016-05-28T12:30:17+01:00,2016-05-28T12:40:23+01:00,606
28/05/16,place,Jumbo,2016-05-28T12:40:23+01:00,2016-05-28T14:20:05+01:00,5982
28/05/16,move,transport,2016-05-28T14:20:05+01:00,2016-05-28T14:27:41+01:00,456
28/05/16,place,HOME,2016-05-28T14:27:42+01:00,2016-05-28T17:40:39+01:00,11577
28/05/16,place,HOME,2016-05-28T17:40:39+01:00,2016-05-29T00:00:00+01:00,22761
29/05/16,place,HOME,2016-05-29T00:00:00+01:00,2016-05-29T17:08:40+01:00,61720
29/05/16,move,transport,2016-05-29T17:08:43+01:00,2016-05-29T17:23:50+01:00,907
29/05/16,place,HOME,2016-05-29T17:24:01+01:00,2016-05-29T19:23:17+01:00,7156
29/05/16,move,walking,2016-05-29T19:23:17+01:00,2016-05-29T19:29:07+01:00,350
29/05/16,place,Place in Portugal,2016-05-29T19:29:07+01:00,2016-05-29T19:29:20+01:00,13
29/05/16,move,walking,2016-05-29T19:29:20+01:00,2016-05-29T19:37:23+01:00,483
29/05/16,place,Place in Portugal,2016-05-29T19:37:24+01:00,2016-05-29T19:40:24+01:00,180
29/05/16,move,walking,2016-05-29T19:40:24+01:00,2016-05-29T19:46:24+01:00,360
29/05/16,place,HOME,2016-05-29T19:46:25+01:00,2016-05-30T00:00:00+01:00,15215
30/05/16,place,HOME,2016-05-30T00:00:00+01:00,2016-05-30T08:22:10+01:00,30130
30/05/16,move,transport,2016-05-30T08:22:10+01:00,2016-05-30T08:34:47+01:00,757
30/05/16,place,IPN,2016-05-30T08:34:47+01:00,2016-05-30T12:29:07+01:00,14060
30/05/16,move,walking,2016-05-30T12:29:07+01:00,2016-05-30T12:31:53+01:00,166
30/05/16,place,IPN,2016-05-30T12:31:53+01:00,2016-05-30T14:34:24+01:00,7351
30/05/16,move,walking,2016-05-30T14:34:24+01:00,2016-05-30T14:38:05+01:00,221
30/05/16,move,transport,2016-05-30T14:38:06+01:00,2016-05-30T14:41:44+01:00,218
30/05/16,move,walking,2016-05-30T14:41:44+01:00,2016-05-30T14:43:44+01:00,120
30/05/16,move,transport,2016-05-30T14:43:44+01:00,2016-05-30T14:53:45+01:00,601
30/05/16,place,HOME,2016-05-30T14:53:46+01:00,2016-05-30T17:34:19+01:00,9633
30/05/16,move,transport,2016-05-30T17:34:19+01:00,2016-05-30T18:07:44+01:00,2005
30/05/16,move,walking,2016-05-30T18:07:44+01:00,2016-05-30T18:10:51+01:00,187
30/05/16,place,Place in Forum Coimbra,2016-05-30T18:10:52+01:00,2016-05-30T18:16:34+01:00,342
30/05/16,move,walking,2016-05-30T18:16:35+01:00,2016-05-30T18:21:15+01:00,280
30/05/16,place,Fnac,2016-05-30T18:21:16+01:00,2016-05-30T19:02:49+01:00,2493
30/05/16,move,transport,2016-05-30T19:02:49+01:00,2016-05-30T19:47:42+01:00,2693
30/05/16,place,Place in Portugal,2016-05-30T19:57:39+01:00,2016-05-31T00:00:00+01:00,14541
31/05/16,place,Place in Portugal,2016-05-31T00:00:00+01:00,2016-05-31T08:20:53+01:00,30053
31/05/16,place,IPN,2016-05-31T08:41:26+01:00,2016-05-31T10:30:27+01:00,6541
31/05/16,move,walking,2016-05-31T10:30:27+01:00,2016-05-31T10:45:42+01:00,915
31/05/16,place,DEI,2016-05-31T10:45:43+01:00,2016-05-31T16:55:51+01:00,22208
31/05/16,move,walking,2016-05-31T16:55:51+01:00,2016-05-31T17:22:12+01:00,1581
31/05/16,place,DEI,2016-05-31T17:22:12+01:00,2016-05-31T18:54:11+01:00,5519
31/05/16,move,walking,2016-05-31T18:54:11+01:00,2016-05-31T19:06:52+01:00,761
31/05/16,move,transport,2016-05-31T19:06:52+01:00,2016-05-31T19:22:05+01:00,913
31/05/16,place,HOME,2016-05-31T19:22:05+01:00,2016-06-01T00:00:00+01:00,16675
